<AimmsJSONMapping aimms-namespace="dex::openapi">
	<ExternalBinding binds-to="api" binding="BoundAPI"/>
	<ObjectMapping>
		<ValueMapping name="openapi" maps-to="OpenAPIVersion(api)"/>
		<ValueMapping name="jsonSchemaDialect" maps-to="OpenAPIJsonSchemaDialect(api)"/>
		<ObjectMapping name="info" included-mapping="@OpenAPI-Info" force-dense="APIFilter(api)">
			<ExternalBinding binds-to="api" binding="api"/>
		</ObjectMapping>
		<ArrayMapping name="servers" iterative-reset="srv">
			<ObjectMapping iterative-binds-to="srv" included-mapping="@OpenAPI-Server" force-dense="APIServers(api,srv)">
				<ExternalBinding binds-to="api" binding="api"/>
				<ExternalBinding binds-to="srv" binding="srv"/>
			</ObjectMapping>
		</ArrayMapping>
		<ObjectMapping name="paths">
			<ObjectMapping name-binds-to="path" name-regex="/.*" included-mapping="@OpenAPI-PathItem" force-dense="APIPaths(api,path)">
				<ExternalBinding binds-to="api" binding="api"/>
				<ExternalBinding binds-to="path" binding="path"/>
			</ObjectMapping>
		</ObjectMapping>
		<ObjectMapping name="webhooks">
			<ObjectMapping name-binds-to="webhook" name-regex=".*" included-mapping="@OpenAPI-PathItem" force-dense="APIHooks(api,webhook)">
				<ExternalBinding binds-to="api" binding="api"/>
				<ExternalBinding binds-to="path" binding="webhook"/>
			</ObjectMapping>
		</ObjectMapping>
		<ObjectMapping name="components" included-mapping="@OpenAPI-Components" force-dense="APIComponents(api)">
				<ExternalBinding binds-to="api" binding="api"/>
		</ObjectMapping>
		<ArrayMapping name="security" iterative-reset="sec">
			<ObjectMapping iterative-binds-to="sec" included-mapping="@OpenAPI-Security" force-dense="APISecurity(api,sec)">
				<ExternalBinding binds-to="api" binding="api"/>
				<ExternalBinding binds-to="sec" binding="sec"/>
			</ObjectMapping>
		</ArrayMapping>
		<ArrayMapping name="tags" iterative-reset="tag">
			<ObjectMapping iterative-binds-to="tag" included-mapping="@OpenAPI-Tag" force-dense="APITags(api,tag)">
				<ExternalBinding binds-to="api" binding="api"/>
				<ExternalBinding binds-to="tag" binding="tag"/>
			</ObjectMapping>
		</ArrayMapping>
		<ObjectMapping name="externalDocs" included-mapping="@OpenAPI-Doc" force-dense="OpenAPIExternalDocs(api)">
			<ExternalBinding binds-to="api" binding="api"/>
		</ObjectMapping>
	</ObjectMapping >
</AimmsJSONMapping>
