<AimmsJSONMapping aimms-namespace="dex::openapi">
	<ExternalBinding binds-to="api" binding="BoundAPI"/>
	<ExternalBinding binds-to="path" binding="BoundPath"/>
	
	<ObjectMapping>
		<ValueMapping name="$ref" maps-to="PathRef(api,path)"/>
		<ValueMapping name="summary" maps-to="PathSummary(api,path)"/>
		<ValueMapping name="description" maps-to="PathDescription(api,path)"/>

		<ObjectMapping name-binds-to="method" name-regex="get|put|post|delete|options|head|patch|trace" included-mapping="@OpenAPI-Operation">
			<ExternalBinding binds-to="api" binding="api"/>
			<ExternalBinding binds-to="path" binding="path"/>
			<ExternalBinding binds-to="method" binding="method"/>
		</ObjectMapping>

		<ArrayMapping name="servers">
			<ObjectMapping iterative-binds-to="srv" included-mapping="@OpenAPI-Server" force-dense="PathServers(api,path,srv)">
				<ExternalBinding binds-to="api" binding="api"/>
				<ExternalBinding binds-to="srv" binding="srv"/>
			</ObjectMapping>
		</ArrayMapping>

		<ArrayMapping name="parameters" iterative-reset="1">
			<ObjectMapping iterative-binds-to="par">
				<ValueMapping name="$ref" maps-to="PathParameterRef(api,path,par)"/>
				<ValueMapping name="name" maps-to="PathParameterName(api,path,par)"/>
				<ValueMapping name="in" maps-to="PathParameterIn(api,path,par)"/>
				<ValueMapping name="description" maps-to="PathParameterDescription(api,path,par)"/>
				<ValueMapping name="required" maps-to="PathParameterRequired(api,path,par)"/>
				<ValueMapping name="deprecated" maps-to="PathParameterDeprecated(api,path,par)"/>
				<ValueMapping name="allowEmptyValue" maps-to="PathParameterAllowEmptyValue(api,path,par)"/>
			</ObjectMapping>
		</ArrayMapping>

	</ObjectMapping>
</AimmsJSONMapping>