<AimmsJSONMapping aimms-namespace="dex::openapi">
	<ExternalBinding binds-to="api" binding="BoundAPI"/>
	<ExternalBinding binds-to="path" binding="BoundPath"/>
	<ExternalBinding binds-to="method" binding="BoundMethod"/>

	<ObjectMapping>
		<ArrayMapping name="tags" iterative-reset="1">
			<ValueMapping iterative-binds-to="tag" maps-to="OperationTag(api,path,method,tag)"/> 
		</ArrayMapping>
		
		<ValueMapping name="summary" maps-to="OperationSummary(api,path,method)"/>
		<ValueMapping name="description" maps-to="OperationDescription(api,path,method)"/>
		<ValueMapping name="operationId" maps-to="OperationId(api,path,method)"/>
		<ValueMapping name="deprecated" maps-to="OperationDeprecated(api,path,method)"/>
		
		<ObjectMapping name="externalDocs">
			<ValueMapping name="description" maps-to="OperationExternalDocDescription(api,path,method)"/>
			<ValueMapping name="url" maps-to="OperationExternalDocURL(api,path,method)"/>
		</ObjectMapping>
		
		<ArrayMapping name="security">
			<ObjectMapping name-binds-to="sec" name-regex=".*">
				<ArrayMapping iterative-reset="1">
					<ValueMapping iterative-binds-to="auth" maps-to="OperationAuth(api,path,method,sec,auth)"/>
				</ArrayMapping>
			</ObjectMapping>
		</ArrayMapping>
		
		<ArrayMapping name="servers">
			<ObjectMapping iterative-binds-to="srv" included-mapping="@OpenAPI-Server" force-dense="OperationServers(api,path,method,srv)">
				<ExternalBinding binds-to="api" binding="api"/>
				<ExternalBinding binds-to="srv" binding="srv"/>
			</ObjectMapping>
		</ArrayMapping>
		
		<ArrayMapping name="parameters" iterative-reset="1">
			<ObjectMapping iterative-binds-to="par">
				<ValueMapping name="$ref" maps-to="OperationParameterRef(api,path,method,par)"/>
				<ValueMapping name="name" maps-to="OperationParameterName(api,path,method,par)"/>
				<ValueMapping name="in" maps-to="OperationParameterIn(api,path,method,par)"/>
				<ValueMapping name="description" maps-to="OperationParameterDescription(api,path,method,par)"/>
				<ValueMapping name="required" maps-to="OperationParameterRequired(api,path,method,par)"/>
				<ValueMapping name="deprecated" maps-to="OperationParameterDeprecated(api,path,method,par)"/>
				<ValueMapping name="allowEmptyValue" maps-to="OperationParameterAllowEmptyValue(api,path,method,par)"/>
			</ObjectMapping>
		</ArrayMapping>
		
		<ObjectMapping name="requestBody">
			<ValueMapping name="description" maps-to="RequestBodyDescription(api,path,method)"/>
			<ValueMapping name="required" maps-to="RequestBodyRequired(api,path,method)"/>
			<ObjectMapping name-binds-to="content">
			</ObjectMapping>
		</ObjectMapping>

		<ObjectMapping name="responses">
			<ObjectMapping name-binds-to="resp" name-regex="default|[1-5][0-9]2">
				<ValueMapping name="description" maps-to="OperationExternalDocDescription(api,path,method)"/>
				<ObjectMapping name="headers">
					<ObjectMapping name-binds-to="hdrs">
					</ObjectMapping>
				</ObjectMapping>
				<ObjectMapping name="content">
					<ObjectMapping name-binds-to="cnt">
					</ObjectMapping>
				</ObjectMapping>
				<ObjectMapping name="links">
					<ObjectMapping name-binds-to="link">
					</ObjectMapping>
				</ObjectMapping>
			</ObjectMapping>
		</ObjectMapping>
		
		<ObjectMapping name="callbacks">
			<ObjectMapping name-binds-to="clbck">
			</ObjectMapping>
		</ObjectMapping>
		
	</ObjectMapping>
</AimmsJSONMapping>