<AimmsJSONMapping aimms-namespace="dex::openapi">
	<ExternalBinding binds-to="api" binding="BoundAPI"/>
	<ObjectMapping name="info">
		<ValueMapping name="title" maps-to="InfoTitle(api)"/>
		<ValueMapping name="summary" maps-to="InfoSummary(api)"/>
		<ValueMapping name="description" maps-to="InfoDescription(api)"/>
		<ValueMapping name="termsOfService" maps-to="InfoTermsOfService(api)"/>
		<ObjectMapping name="contact">
			<ValueMapping name="name" maps-to="ContactName(api)"/>
			<ValueMapping name="url" maps-to="ContactURL(api)"/>
			<ValueMapping name="email" maps-to="ContactEmail(api)"/>
		</ObjectMapping>
		<ObjectMapping name="license">
			<ValueMapping name="name" maps-to="LicenseName(api)"/>
			<ValueMapping name="identifier" maps-to="LicenseIdentifier(api)"/>
			<ValueMapping name="url" maps-to="LicenseURL(api)"/>
		</ObjectMapping>
		<ValueMapping name="version" maps-to="Version(api)"/>
	</ObjectMapping>
</AimmsJSONMapping>