<AimmsJSONMapping aimms-namespace="dex::openapi">
	<ExternalBinding binds-to="api" binding="BoundAPI"/>
	<ExternalBinding binds-to="tag" binding="BoundTag"/>
	<ObjectMapping>
		<ValueMapping name="name" maps-to="TagName(api,tag)"/>
		<ValueMapping name="description" maps-to="TagDescription(api,tag)"/>
		<ObjectMapping name="externalDocs">
			<ValueMapping name="description" maps-to="TagExternalDocDescription(api,tag)"/>
			<ValueMapping name="url" maps-to="TagExternalDocURL(api,tag)"/>
		</ObjectMapping>
	</ObjectMapping>
</AimmsJSONMapping>