<AimmsJSONMapping aimms-namespace="dex::openapi">
	<ExternalBinding binds-to="api" binding="BoundAPI"/>
	
	<ObjectMapping>
		<ObjectMapping name-binds-to="schema" name-regex=".*" included-mapping="@OpenAPI-Schema">
			<ExternalBinding binds-to="api" binding="api"/>
			<ExternalBinding binds-to="schema" binding="schema"/>
		</ObjectMapping>
		<ObjectMapping name-binds-to="resp" name-regex=".*" included-mapping="@OpenAPI-Response">
			<ExternalBinding binds-to="api" binding="api"/>
			<ExternalBinding binds-to="resp" binding="resp"/>
		</ObjectMapping>
		<ObjectMapping name-binds-to="par" name-regex=".*" included-mapping="@OpenAPI-Parameter">
			<ExternalBinding binds-to="api" binding="api"/>
			<ExternalBinding binds-to="par" binding="par"/>
		</ObjectMapping>
		<ObjectMapping name-binds-to="example" name-regex=".*" included-mapping="@OpenAPI-Example">
			<ExternalBinding binds-to="api" binding="api"/>
			<ExternalBinding binds-to="example" binding="example"/>
		</ObjectMapping>
		<ObjectMapping name-binds-to="req" name-regex=".*" included-mapping="@OpenAPI-RequestBody">
			<ExternalBinding binds-to="api" binding="api"/>
			<ExternalBinding binds-to="req" binding="req"/>
		</ObjectMapping>
		<ObjectMapping name-binds-to="hdr" name-regex=".*" included-mapping="@OpenAPI-Header">
			<ExternalBinding binds-to="api" binding="api"/>
			<ExternalBinding binds-to="hdr" binding="hdr"/>
		</ObjectMapping>
		<ObjectMapping name-binds-to="sscheme" name-regex=".*" included-mapping="@OpenAPI-SecurityScheme">
			<ExternalBinding binds-to="api" binding="api"/>
			<ExternalBinding binds-to="sscheme" binding="sscheme"/>
		</ObjectMapping>
		<ObjectMapping name-binds-to="lnk" name-regex=".*" included-mapping="@OpenAPI-Link">
			<ExternalBinding binds-to="api" binding="api"/>
			<ExternalBinding binds-to="lnk" binding="lnk"/>
		</ObjectMapping>
		<ObjectMapping name-binds-to="callback" name-regex=".*" included-mapping="@OpenAPI-Callback">
			<ExternalBinding binds-to="api" binding="api"/>
			<ExternalBinding binds-to="callback" binding="callback"/>
		</ObjectMapping>
		<ObjectMapping name-binds-to="path" name-regex=".*" included-mapping="@OpenAPI-PathItem">
			<ExternalBinding binds-to="api" binding="api"/>
			<ExternalBinding binds-to="path" binding="path"/>
		</ObjectMapping>
	</ObjectMapping>
</AimmsJSONMapping>