<AimmsJSONMapping aimms-namespace="dex::openapi">
	<ExternalBinding binds-to="api" binding="BoundAPI"/>
	<ExternalBinding binds-to="srv" binding="BoundServer"/>
	<ObjectMapping>
		<ValueMapping name="url" maps-to="ServerURL(api,srv)"/>
		<ValueMapping name="description" maps-to="ServerDescription(api,srv)"/>
		<ObjectMapping name="variables">
			<ObjectMapping name-binds-to="var" name-regex=".*">
				<ArrayMapping name="enum" iterative-reset="1">
					<ValueMapping iterative-binds-to="val" maps-to="VariableValue(api,srv,var,val)"/>
				</ArrayMapping>
				<ValueMapping name="default" maps-to="VariableDefault(api,srv,var)"/>
				<ValueMapping name="description" maps-to="VariableDescription(api,srv,var)"/>
			</ObjectMapping>
		</ObjectMapping>
	</ObjectMapping>
</AimmsJSONMapping>