<AimmsJSONMapping aimms-namespace="dex::openapi">
	<ExternalBinding binds-to="api" binding="BoundAPI"/>
	<ObjectMapping>
		<ValueMapping name="openapi" maps-to="OpenAPIVersion(api)"/>
		<ObjectMapping name="info" included-mapping="@OpenAPI-Info" force-dense="APIFilter(api)">
			<ExternalBinding binds-to="api" binding="api"/>
		</ObjectMapping>
		<ArrayMapping name="servers">
			<ObjectMapping iterative-binds-to="srv" included-mapping="@OpenAPI-Server" force-dense="APIServers(api,srv)">
				<ExternalBinding binds-to="api" binding="api"/>
				<ExternalBinding binds-to="srv" binding="srv"/>
			</ObjectMapping>
		</ArrayMapping>
		<ObjectMapping name="paths">
			<ObjectMapping name-binds-to="path" name-regex=".*" included-mapping="@OpenAPI-Path" force-dense="APIPaths(api,path)">
				<ExternalBinding binds-to="api" binding="api"/>
				<ExternalBinding binds-to="path" binding="path"/>
			</ObjectMapping>
		</ObjectMapping>
		<ObjectMapping name="components">
			<ObjectMapping name-binds-to="comp" name-regex="schemas|responses|parameters|examples|requestBodies|headers|securitySchemes" included-mapping="@OpenAPI-Component" force-dense="APIComponents(api,comp)">
				<ExternalBinding binds-to="api" binding="api"/>
				<ExternalBinding binds-to="comp" binding="comp"/>
			</ObjectMapping>
		</ObjectMapping>
		<ArrayMapping name="security" iterative-reset="1">
			<ObjectMapping iterative-binds-to="sec" included-mapping="@OpenAPI-Security" force-dense="APISecurity(api,sec)">
				<ExternalBinding binds-to="api" binding="api"/>
				<ExternalBinding binds-to="sec" binding="sec"/>
			</ObjectMapping>
		</ArrayMapping>
		<ArrayMapping name="tags" iterative-reset="1">
			<ObjectMapping iterative-binds-to="tag" included-mapping="@OpenAPI-Tag" force-dense="APITags(api,tag)">
				<ExternalBinding binds-to="api" binding="api"/>
				<ExternalBinding binds-to="tag" binding="tag"/>
			</ObjectMapping>
		</ArrayMapping>
		<ObjectMapping name="externalDocs" included-mapping="@OpenAPI-Doc">
			<ExternalBinding binds-to="api" binding="api"/>
			<ExternalBinding binds-to="doc" binding="tag"/>
		</ObjectMapping>
	</ObjectMapping>
</AimmsJSONMapping>
