<?xml version="1.0"?>
<Definitions>
<UntypedAnnotation Key="Dataset" Help="Make this identifier and/or its child nodes part of the given DEX dataset">
	<AppliesTo>Parameter;Element Parameter;String Parameter;Variable;Constraint</AppliesTo>
</UntypedAnnotation>
<UntypedAnnotation Key="TableName" Help="Provide the name the DEX table under which this identifier is to be stored as a column">
	<AppliesTo>Parameter;Element Parameter;String Parameter;Variable;Constraint</AppliesTo>
</UntypedAnnotation>
<UntypedAnnotation Key="ColumnName" Help="Provide the name of the DEX column under which this identifier is to be stored in a DEX table (equal to identifier name if not specified)">
	<AppliesTo>Parameter;Element Parameter;String Parameter;Variable;Constraint;Index</AppliesTo>
</UntypedAnnotation>
<IdentifierReferenceAnnotation Key="RowFilter" Help="Provide a filter to be applied to limit the number of rows written" AllowedTypes="numeric">
	<AppliesTo>Parameter;Element Parameter;String Parameter;Variable;Constraint</AppliesTo>
</IdentifierReferenceAnnotation>
<UntypedAnnotation Key="SuffixList" Help="Provide all suffices that should be included in the mapping, optionally with the name to be displayed">
	<AppliesTo>Parameter;Element Parameter;String Parameter;Variable;Constraint</AppliesTo>
</UntypedAnnotation>
<UntypedAnnotation Key="ServiceName" Help="Provide the name of the DEX REST API service through which you want to make this procedure accessible">
	<AppliesTo>Procedure</AppliesTo>
</UntypedAnnotation>
<UntypedAnnotation Key="Document" Help="Make this identifier and/or its child nodes part of the given DEX JSON document">
	<AppliesTo>Parameter;Element Parameter;String Parameter;Variable;Constraint</AppliesTo>
</UntypedAnnotation>
<UntypedAnnotation Key="FieldName" Help="Provide the name of the DEX field under which this identifier is to be stored in a DEX document (equal to identifier name if not specified)">
	<AppliesTo>Parameter;Element Parameter;String Parameter;Variable;Constraint;Set;Index</AppliesTo>
</UntypedAnnotation>
<UntypedAnnotation Key="ExtraAttributeList" Help="Provide any additional attribute you wish to add to a DEX column or field, as a semi-colon-separated list">
	<AppliesTo>Parameter;Element Parameter;String Parameter;Variable;Constraint;Set;Index</AppliesTo>
</UntypedAnnotation>
</Definitions>