<?xml version="1.0"?>
<Definitions>
<UntypedAnnotation Key="Dataset" Help="Make this identifier and/or its child nodes part of the given DEX dataset">
	<AppliesTo>Parameter;Element Parameter;String Parameter;Variable</AppliesTo>
</UntypedAnnotation>
<UntypedAnnotation Key="TableName" Help="Provide the name the DEX table under which this identifier is to be stored as a column">
	<AppliesTo>Parameter;Element Parameter;String Parameter;Variable</AppliesTo>
</UntypedAnnotation>
<UntypedAnnotation Key="ColumnName" Help="Provide the name of the DEX column under which this identifier is to be stored in a DEX table (equal to identifier name if not specified)">
	<AppliesTo>Parameter;Element Parameter;String Parameter;Variable;Index</AppliesTo>
</UntypedAnnotation>
<UntypedAnnotation Key="ServiceName" Help="Provide the name of the DEX REST API service through which you want to make this procedure accessible">
	<AppliesTo>Procedure</AppliesTo>
</UntypedAnnotation>
</Definitions>