{
  "version": "4.67.0",
  "application": {
    "aimms.widget.type": {
      "literal": "application"
    },
    "theme.classic": {
      "literal": "NOT_ALLOWED"
    }
  },
  "pages/home": {
    "widgets": {
      "literal": [
        {
          "uri": "Download",
          "layoutInfo": {
            "width": "2",
            "height": "1"
          }
        },
        {
          "uri": "Upload",
          "layoutInfo": {
            "width": "2",
            "height": "1"
          }
        },
        {
          "uri": "Text",
          "layoutInfo": {
            "width": "2",
            "height": "1"
          }
        }
      ]
    }
  },
  "widgets/Download": {
    "action": {
      "literal": {
        "type": "procedure",
        "value": "MyFirstDownloadProc"
      }
    },
    "aimms.widget.type": {
      "literal": "download"
    }
  },
  "widgets/Upload": {
    "action": {
      "literal": {
        "type": "procedure",
        "value": "MyFirstUploadProc"
      }
    },
    "aimms.widget.type": {
      "literal": "upload"
    }
  },
  "widgets/Text": {
    "contents": {
      "aimms": {
        "contents": [
          "sp_TextOfUploadedFile"
        ]
      }
    },
    "aimms.widget.type": {
      "literal": "scalar"
    },
    "multi.line": {
      "literal": 1
    }
  }
}