<AimmsJSONMapping>
    <ObjectMapping>
        <ArrayMapping name-binds-to="restp" name-regex="distances|times|weights" iterative-reset="1">
            <ArrayMapping iterative-binds-to="from_point" iterative-reset="1">
                <ValueMapping iterative-binds-to="to_point" maps-to="GraphHopperMatrixResults(restp,from_point,to_point)" dense-write="GraphHopperMatrixDomain(restp,from_point,to_point)"/>
            </ArrayMapping>
        </ArrayMapping>
        <ObjectMapping name="info">
            <ArrayMapping name="copyrights" iterative-reset="1">
                <ValueMapping iterative-binds-to="cpr" name="copyright" maps-to="GraphHopperMatrixCopyrights(cpr)"/>
            </ArrayMapping>
        </ObjectMapping>
        <ObjectMapping name="hints">
            <ValueMapping name-binds-to="mt" name-regex="message|details" maps-to="GraphHopperMatrixMessage(mt)"/>
            <ArrayMapping name-binds-to="iptp" name-regex="invalid_from_points|invalid_to_points" iterative-reset="1">
                <ValueMapping iterative-binds-to="ip" maps-to="GraphHopperMatrixInvalidPoint(iptp,ip)"/>
            </ArrayMapping>
            <ArrayMapping name="point_pairs" iterative-reset="1">
                <ArrayMapping iterative-binds-to="ip_from" iterative-reset="1">
                    <ValueMapping iterative-binds-to="ip_to" maps-to="GraphHopperMatrixInvalidPointPairs(ip_from,ip_to)"/>
                </ArrayMapping>
            </ArrayMapping>
        </ObjectMapping>
    </ObjectMapping>
</AimmsJSONMapping>