user,arn,user_creation_time,password_enabled,password_last_used,password_last_changed,password_next_rotation,mfa_active,access_key_1_active,access_key_1_last_rotated,access_key_1_last_used_date,access_key_1_last_used_region,access_key_1_last_used_service,access_key_2_active,access_key_2_last_rotated,access_key_2_last_used_date,access_key_2_last_used_region,access_key_2_last_used_service,cert_1_active,cert_1_last_rotated,cert_2_active,cert_2_last_rotated
<root_account>,arn:aws:iam::036334164583:root,2018-12-03T08:12:32+00:00,not_supported,2019-01-25T13:23:18+00:00,not_supported,not_supported,true,false,N/A,N/A,N/A,N/A,false,N/A,N/A,N/A,N/A,false,N/A,false,N/A
cloud-manager,arn:aws:iam::036334164583:user/cloud-manager,2020-07-17T12:09:33+00:00,false,N/A,N/A,N/A,false,true,2020-08-07T14:13:32+00:00,2021-06-17T11:49:00+00:00,us-east-1,ecr,false,N/A,N/A,N/A,N/A,false,N/A,false,N/A
intercept,arn:aws:iam::036334164583:user/intercept,2021-06-15T09:34:15+00:00,false,N/A,N/A,N/A,false,true,2021-06-15T09:34:16+00:00,2021-06-17T15:13:00+00:00,eu-west-1,s3,false,N/A,N/A,N/A,N/A,false,N/A,false,N/A
publisher.aimms-prod-eu.ecs,arn:aws:iam::036334164583:user/publisher.aimms-prod-eu.ecs,2018-12-06T14:15:38+00:00,false,N/A,N/A,N/A,false,true,2019-04-16T08:09:43+00:00,2021-06-19T08:50:00+00:00,eu-west-1,ecr,false,N/A,N/A,N/A,N/A,false,N/A,false,N/A
publisher.aimms-prod-us.ecs,arn:aws:iam::036334164583:user/publisher.aimms-prod-us.ecs,2018-12-03T14:35:14+00:00,false,N/A,N/A,N/A,false,true,2018-12-03T14:59:46+00:00,2021-04-23T09:59:00+00:00,eu-west-1,ecr,false,N/A,N/A,N/A,N/A,false,N/A,false,N/A
s3sync,arn:aws:iam::036334164583:user/s3sync,2018-12-18T16:03:38+00:00,false,N/A,N/A,N/A,false,true,2018-12-18T16:03:38+00:00,2019-04-30T14:40:00+00:00,us-east-1,sts,false,N/A,N/A,N/A,N/A,false,N/A,false,N/A