user,arn,user_creation_time,password_enabled,password_last_used,password_last_changed,password_next_rotation,mfa_active,access_key_1_active,access_key_1_last_rotated,access_key_1_last_used_date,access_key_1_last_used_region,access_key_1_last_used_service,access_key_2_active,access_key_2_last_rotated,access_key_2_last_used_date,access_key_2_last_used_region,access_key_2_last_used_service,cert_1_active,cert_1_last_rotated,cert_2_active,cert_2_last_rotated
<root_account>,arn:aws:iam::440369361073:root,2018-08-09T06:26:10+00:00,not_supported,2018-11-15T13:36:45+00:00,not_supported,not_supported,true,false,N/A,N/A,N/A,N/A,false,N/A,N/A,N/A,N/A,false,N/A,false,N/A
andrew.ong,arn:aws:iam::440369361073:user/andrew.ong,2019-11-22T10:44:04+00:00,true,2021-06-18T17:01:28+00:00,2021-05-25T16:36:30+00:00,2021-08-23T16:36:30+00:00,true,false,N/A,N/A,N/A,N/A,false,N/A,N/A,N/A,N/A,false,N/A,false,N/A
anna.zenkova,arn:aws:iam::440369361073:user/anna.zenkova,2021-02-01T15:32:54+00:00,true,2021-03-26T15:27:37+00:00,2021-02-01T15:45:52+00:00,2021-05-02T15:45:52+00:00,true,false,N/A,N/A,N/A,N/A,false,N/A,N/A,N/A,N/A,false,N/A,false,N/A
arthur.d.herbemont,arn:aws:iam::440369361073:user/arthur.d.herbemont,2019-05-20T09:01:07+00:00,true,2019-05-20T09:09:39+00:00,2019-05-20T09:04:51+00:00,2019-08-18T09:04:51+00:00,true,false,N/A,N/A,N/A,N/A,false,N/A,N/A,N/A,N/A,false,N/A,false,N/A
chris.kuip,arn:aws:iam::440369361073:user/chris.kuip,2019-01-31T12:49:35+00:00,true,2021-06-14T06:50:38+00:00,2021-06-14T06:52:23+00:00,2021-09-12T06:52:23+00:00,true,false,N/A,N/A,N/A,N/A,false,N/A,N/A,N/A,N/A,false,N/A,false,N/A
desislava.salakirova,arn:aws:iam::440369361073:user/desislava.salakirova,2020-09-07T12:22:27+00:00,true,2021-06-18T12:25:38+00:00,2021-05-06T11:03:11+00:00,2021-08-04T11:03:11+00:00,true,false,N/A,N/A,N/A,N/A,false,N/A,N/A,N/A,N/A,false,N/A,false,N/A
floor.goddijn,arn:aws:iam::440369361073:user/floor.goddijn,2020-01-22T14:03:48+00:00,true,2021-05-03T14:03:14+00:00,2021-05-03T14:03:59+00:00,2021-08-01T14:03:59+00:00,true,false,N/A,N/A,N/A,N/A,false,N/A,N/A,N/A,N/A,false,N/A,false,N/A
frank.han,arn:aws:iam::440369361073:user/frank.han,2021-01-05T11:16:55+00:00,true,2021-03-22T14:22:51+00:00,2021-01-05T11:19:43+00:00,2021-04-05T11:19:43+00:00,true,false,N/A,N/A,N/A,N/A,false,N/A,N/A,N/A,N/A,false,N/A,false,N/A
jan.willem.van.crevel,arn:aws:iam::440369361073:user/jan.willem.van.crevel,2018-11-22T10:47:05+00:00,true,2021-06-16T07:39:52+00:00,2021-04-15T15:26:30+00:00,2021-07-14T15:26:30+00:00,true,false,N/A,N/A,N/A,N/A,false,N/A,N/A,N/A,N/A,false,N/A,false,N/A
joris.koster,arn:aws:iam::440369361073:user/joris.koster,2018-08-20T08:03:19+00:00,true,2021-06-18T10:24:39+00:00,2021-05-18T15:40:24+00:00,2021-08-16T15:40:24+00:00,true,true,2018-08-22T09:27:39+00:00,2018-08-23T14:42:00+00:00,us-east-1,sts,false,N/A,N/A,N/A,N/A,false,N/A,false,N/A
koos.heerink,arn:aws:iam::440369361073:user/koos.heerink,2019-02-11T09:21:30+00:00,true,2021-01-22T14:20:45+00:00,2021-01-18T07:18:52+00:00,2021-04-18T07:18:52+00:00,true,false,N/A,N/A,N/A,N/A,false,N/A,N/A,N/A,N/A,false,N/A,false,N/A
laith.shadeed,arn:aws:iam::440369361073:user/laith.shadeed,2019-02-11T09:15:25+00:00,true,2021-06-18T10:30:16+00:00,2021-04-21T07:47:41+00:00,2021-07-20T07:47:41+00:00,true,false,N/A,N/A,N/A,N/A,false,N/A,N/A,N/A,N/A,false,N/A,false,N/A
linlin.ma,arn:aws:iam::440369361073:user/linlin.ma,2019-10-07T09:26:58+00:00,true,2021-03-12T01:01:06+00:00,2021-01-05T07:20:40+00:00,2021-04-05T07:20:40+00:00,true,false,N/A,N/A,N/A,N/A,false,N/A,N/A,N/A,N/A,false,N/A,false,N/A
madhu.krishnappa,arn:aws:iam::440369361073:user/madhu.krishnappa,2019-08-08T11:59:00+00:00,true,2021-05-13T12:06:06+00:00,2021-05-13T12:06:47+00:00,2021-08-11T12:06:47+00:00,true,false,N/A,N/A,N/A,N/A,false,N/A,N/A,N/A,N/A,false,N/A,false,N/A
marcel.hunting,arn:aws:iam::440369361073:user/marcel.hunting,2019-08-28T12:51:18+00:00,true,2021-06-14T11:44:38+00:00,2021-04-26T08:50:32+00:00,2021-07-25T08:50:32+00:00,true,false,N/A,N/A,N/A,N/A,false,N/A,N/A,N/A,N/A,false,N/A,false,N/A
marcel.roelofs,arn:aws:iam::440369361073:user/marcel.roelofs,2018-11-22T10:35:01+00:00,true,2021-06-19T08:26:41+00:00,2021-04-29T08:12:24+00:00,2021-07-28T08:12:24+00:00,true,false,N/A,N/A,N/A,N/A,false,N/A,N/A,N/A,N/A,false,N/A,false,N/A
mohan.chiriki,arn:aws:iam::440369361073:user/mohan.chiriki,2020-08-03T09:25:47+00:00,true,2021-06-15T22:46:08+00:00,2021-04-27T18:52:55+00:00,2021-07-26T18:52:55+00:00,true,false,N/A,N/A,N/A,N/A,false,N/A,N/A,N/A,N/A,false,N/A,false,N/A
nlfinance,arn:aws:iam::440369361073:user/nlfinance,2020-04-24T08:28:46+00:00,true,2020-05-12T15:08:39+00:00,2020-04-24T08:41:44+00:00,2020-07-23T08:41:44+00:00,true,false,N/A,N/A,N/A,N/A,false,N/A,N/A,N/A,N/A,false,N/A,false,N/A
patrick.donders,arn:aws:iam::440369361073:user/patrick.donders,2019-01-25T14:14:24+00:00,true,2020-01-15T09:02:40+00:00,2019-07-11T14:20:29+00:00,2019-10-09T14:20:29+00:00,false,false,N/A,N/A,N/A,N/A,false,N/A,N/A,N/A,N/A,false,N/A,false,N/A
peter.asanov,arn:aws:iam::440369361073:user/peter.asanov,2019-11-19T12:10:56+00:00,true,2021-04-29T15:34:24+00:00,2021-04-29T15:42:28+00:00,2021-07-28T15:42:28+00:00,true,false,N/A,N/A,N/A,N/A,false,N/A,N/A,N/A,N/A,false,N/A,false,N/A
peter.nieuwesteeg,arn:aws:iam::440369361073:user/peter.nieuwesteeg,2019-02-08T09:49:41+00:00,true,2021-06-17T05:22:35+00:00,2021-06-04T15:42:27+00:00,2021-09-02T15:42:27+00:00,true,false,N/A,N/A,N/A,N/A,false,N/A,N/A,N/A,N/A,false,N/A,false,N/A
pratab.kumble,arn:aws:iam::440369361073:user/pratab.kumble,2021-06-01T11:16:31+00:00,true,2021-06-18T10:32:12+00:00,2021-06-01T11:30:23+00:00,2021-08-30T11:30:23+00:00,true,false,N/A,N/A,N/A,N/A,false,N/A,N/A,N/A,N/A,false,N/A,false,N/A
richard.stegeman,arn:aws:iam::440369361073:user/richard.stegeman,2021-05-04T12:32:21+00:00,true,2021-05-27T09:01:10+00:00,2021-05-04T12:50:24+00:00,2021-08-02T12:50:24+00:00,true,false,N/A,N/A,N/A,N/A,false,N/A,N/A,N/A,N/A,false,N/A,false,N/A
shayan.eftekhari,arn:aws:iam::440369361073:user/shayan.eftekhari,2021-06-01T11:28:03+00:00,true,2021-06-02T12:01:28+00:00,2021-06-01T12:12:57+00:00,2021-08-30T12:12:57+00:00,true,false,N/A,N/A,N/A,N/A,false,N/A,N/A,N/A,N/A,false,N/A,false,N/A
stephan.ten.hagen,arn:aws:iam::440369361073:user/stephan.ten.hagen,2019-02-11T09:22:53+00:00,true,no_information,2019-02-11T09:22:55+00:00,2019-05-12T09:22:55+00:00,false,false,N/A,N/A,N/A,N/A,false,N/A,N/A,N/A,N/A,false,N/A,false,N/A
trusha.shah,arn:aws:iam::440369361073:user/trusha.shah,2018-11-09T10:21:06+00:00,true,2021-06-18T08:32:52+00:00,2021-06-17T08:21:04+00:00,2021-09-15T08:21:04+00:00,true,false,N/A,N/A,N/A,N/A,false,N/A,N/A,N/A,N/A,false,N/A,false,N/A