<AimmsJSONMapping>
    <ExternalBinding binds-to="acc" binding="SelectedAccount"/>
    <ObjectMapping>
        <ValueMapping name="name" binds-to="acc"/>
        <ValueMapping name-binds-to="accinfo" name-regex="dnsName|region" maps-to="AccountInfo(acc,accinfo)"/>
        <ObjectMapping name-binds-to="sestype" name-regex="dataSession|solverSession|externalService" name-regex-postfix="Limits">
            <ValueMapping name-binds-to="seslim" name-regex="cpu|cpuMax|memory|memoryMax|instancesMax" maps-to="AccountSessionLimits(acc,sestype,seslim)"/>
        </ObjectMapping>
        <ObjectMapping name="status" write-filter="AccountStatusFilter(acc)">
            <ValueMapping name="id" maps-to="AccountId(acc)"/>
            <ValueMapping name="status" maps-to="AccountStatus(acc)"/>
        </ObjectMapping>
    </ObjectMapping>
</AimmsJSONMapping>
