<AimmsCSVMapping>
    <CSVTableMapping name="table1" write-filter="filter_ij(i,j)">
        <CSVColumnMapping name="set1" binds-to="i"/>
        <CSVColumnMapping name="set2" binds-to="j"/>
        <CSVColumnMapping name="d1" maps-to="d1(i,j)"/>
        <CSVColumnMapping name="d2" maps-to="d2(i,j)"/>
        <CSVColumnMapping name="de" maps-to="de(i,j)"/>
        <CSVColumnMapping name="ds" maps-to="ds(i,j)"/>
        <CSVColumnMapping name="di" maps-to="di(i,j)"/>
    </CSVTableMapping>
</AimmsCSVMapping>