<AimmsJSONMapping>
    <ObjectMapping>
        <ObjectMapping name="DeviceData">
            <ValueMapping name="minimumMired" maps-to="minimumMired"/>
            <ValueMapping name="maximumMired" maps-to="maximumMired"/>
            <ValueMapping name="numberOfPWMChannels" maps-to="numberOfPWMChannels"/>
        </ObjectMapping>
        <ArrayMapping name="FluxConnectivityTable" iterative-reset="1">
            <ArrayMapping iterative-binds-to="fc1" iterative-reset="1">
                <ValueMapping iterative-binds-to="fc2" maps-to="FluxConnectivity(fc1,fc2)" force-dense="FluxConnectivityDomain(fc1,fc2)"/>
            </ArrayMapping>
        </ArrayMapping>
        <ArrayMapping name="LedParams" iterative-reset="1">
            <ObjectMapping iterative-binds-to="lp1">
                <ValueMapping name="Vf" maps-to="LP_Vf(lp1)" force-dense="LP_VfDomain(lp1)"/>
                <ArrayMapping name="R" iterative-reset="1">
                    <ValueMapping iterative-binds-to="lp2" maps-to="LP_R(lp1,lp2)" force-dense="LP_RDomain(lp1,lp2)"/>
                </ArrayMapping>
            </ObjectMapping>
        </ArrayMapping>
    </ObjectMapping>
</AimmsJSONMapping>
