<AimmsExcelMapping>
    <ExcelSheetMapping name="sheet_ij">
        <ExcelColumnMapping name="set1" binds-to="i"/>
        <ExcelColumnMapping name="set2" binds-to="j"/>
        <ExcelColumnMapping name="d1" maps-to="d1(i,j)"/>
        <ExcelColumnMapping name="d2" maps-to="d2(i,j)"/>
        <ExcelColumnMapping name="de" maps-to="de(i,j)"/>
        <ExcelColumnMapping name="ds" maps-to="ds(i,j)"/>
        <ExcelColumnMapping name="di" maps-to="di(i,j)"/>
        <ExcelColumnMapping name="v" value="1.0"/>
    </ExcelSheetMapping>
    <ExcelSheetMapping name="ddd_eee_fff">
        <ExcelColumnMapping name="set1" binds-to="i"/>
        <ExcelColumnMapping maps-to="ddd(i,r)" name-binds-to="r" name-regex="aa-.*" name-regex-prefix="d-"/>
        <ExcelColumnMapping maps-to="eee(i,r)" name-binds-to="r" name-regex="aa-.*" name-regex-prefix="e-"/>
        <ExcelColumnMapping maps-to="fff(i,r)" name-binds-to="r" name-regex="aa-.*" name-regex-prefix="f-"/>
    </ExcelSheetMapping>
</AimmsExcelMapping>