<AimmsExcelMapping>
    <ExcelSheetMapping name="sheet_ij" write-filter="filter_ij(i,j)">
        <ExcelColumnMapping name="set1" binds-to="i"/>
        <ExcelColumnMapping name="set2" binds-to="j"/>
        <ExcelColumnMapping name="d1" maps-to="d1(i,j)"/>
        <ExcelColumnMapping name="d2" maps-to="d2(i,j)"/>
        <ExcelColumnMapping name="de" maps-to="de(i,j)"/>
        <ExcelColumnMapping name="ds" maps-to="ds(i,j)"/>
        <ExcelColumnMapping name="di" maps-to="di(i,j)"/>
    </ExcelSheetMapping>
</AimmsExcelMapping>