<AimmsJSONMapping>
    <ObjectMapping >
        <ArrayMapping name="results" iterative-reset="1">
            <ObjectMapping iterative-binds-to="res">
                <ArrayMapping name="address_components" iterative-reset="1">
                    <ObjectMapping name="address_component" iterative-binds-to="addrcomp">
                        <ValueMapping name-binds-to="nt" name-regex="long_name|short_name" maps-to="GoogleGeoResultName(res,addrcomp,nt)"/>
                       <ArrayMapping name="types" iterative-reset="1">
                            <ValueMapping name="type" iterative-binds-to="tp" maps-to="GoogleGeoResultType(res,addrcomp,tp)"/>
                        </ArrayMapping>
                    </ObjectMapping>
                </ArrayMapping>
                <ValueMapping name-binds-to="ri" name-regex="formatted_address|place_id" maps-to="GoogleGeoResultItems(res,ri)"/>
                <ObjectMapping name="geometry">
                    <ObjectMapping name="location">
                        <ValueMapping name-binds-to="latlng" name-regex="lat|lng" maps-to="GoogleGeoResultLocation(res,latlng)"/>
                        <ValueMapping name="long"/>
                    </ObjectMapping>
                    <ObjectMapping name-binds-to="area" name-regex="bounds|viewport">
                        <ObjectMapping name-binds-to="corner" name-regex="northeast|southwest">
                            <ValueMapping name-binds-to="latlng" name-regex="lat|lng" maps-to="GoogleGeoResultAreas(res,area,corner,latlng)"/>
                        </ObjectMapping>
                    </ObjectMapping>
                    <ValueMapping name="location_type"/>
                </ObjectMapping>
                <ObjectMapping name="plus_code">
                    <ValueMapping name-binds-to="cd" name-regex="compound_code|global_code" maps-to="GoogleGeoResultCode(res,cd)"/>
                </ObjectMapping>
                <ArrayMapping name="types" iterative-reset="1">
                    <ValueMapping iterative-binds-to="tp" maps-to="GoogleGeoCodeResultType(res,tp)"/>
                </ArrayMapping>
            </ObjectMapping>
        </ArrayMapping>
        <ValueMapping name="status" maps-to="GoogleGeoStatus"/>
        <ObjectMapping name="plus_code">
             <ValueMapping name-binds-to="cd" name-regex="compound_code|global_code" maps-to="GoogleGeoCode(cd)"/>
        </ObjectMapping>
    </ObjectMapping>
</AimmsJSONMapping>