<AimmsJSONMapping>
    <ObjectMapping>
        <ArrayMapping name="hits" iterative-reset="1">
            <ObjectMapping iterative-binds-to="hit">
                <ObjectMapping name="point">
                    <ValueMapping name-binds-to="lnglat" name-regex="lng|lat" maps-to="GraphHopperHitPoint(hit,lnglat)"/>
                </ObjectMapping>
                <ValueMapping name-binds-to="char" name-regex="osm_.*|name|country|city|state|street|housenumber|postcode" maps-to="GraphHopperHitCharacteristic(hit,char)"/>
                <ArrayMapping name="extent" iterative-reset="1">
                    <ValueMapping iterative-binds-to="ext" iterative-existing="1" maps-to="GraphHopperHitExtents(hit,ext)"/>
                </ArrayMapping>
            </ObjectMapping>
        </ArrayMapping>
        <ValueMapping name="took" maps-to="GraphHopperRequestTime"/>
    </ObjectMapping>
</AimmsJSONMapping>