<AimmsJSONMapping>
    <ObjectMapping name="DataSets">
        <ArrayMapping name="DataSet1">
            <ObjectMapping write-filter="filter_ij(i,j)">
                <ValueMapping name="i" binds-to="i"/>
                <ValueMapping name="j" binds-to="j"/>
                <ValueMapping name="d1" maps-to="d1(i,j)"/>
                <ValueMapping name="d2" maps-to="d2(i,j)"/>
                <ValueMapping name="de" maps-to="de(i,j)"/>
                <ValueMapping name="ds" maps-to="ds(i,j)"/>
                <ValueMapping name="di" maps-to="di(i,j)"/>
            </ObjectMapping>
        </ArrayMapping>
    </ObjectMapping>
</AimmsJSONMapping>