<?xml version="1.0"?>
<AimmsJSONMapping>
    <ObjectMapping>
        <ArrayMapping name="rows">
            <ObjectMapping dense-children="1">
                <ValueMapping name="i" binds-to="i" />
                <ValueMapping name="j" binds-to="j" />
                <ValueMapping name="d1" maps-to="d1(i,j)" />
                <ValueMapping name="d2" maps-to="d2(i,j)" />
                <ValueMapping name="di" maps-to="di(i,j)" />
                <ValueMapping name="de" maps-to="de(i,j)" />
                <ValueMapping name="ds" maps-to="ds(i,j)" />
            </ObjectMapping>
        </ArrayMapping>
    </ObjectMapping>
</AimmsJSONMapping>
