<AimmsJSONMapping>
    <ArrayMapping iterative-reset="1">
        <ObjectMapping iterative-binds-to="task">
            <ValueMapping name="id" maps-to="TaskId(task)"/>
            <ValueMapping name="service" maps-to="TaskServiceName(task)"/>
            <ValueMapping name="status" maps-to="TaskStatus(task)"/>
            <ValueMapping name="queuetime" maps-to="TaskQueueTime(task)"/>
            <ValueMapping name="runtime" maps-to="TaskRunTime(task)"/>
            <ValueMapping name="returncode" maps-to="TaskReturnCode(task)"/>
        </ObjectMapping>
    </ArrayMapping>
</AimmsJSONMapping>