<AimmsJSONMapping>
    <ExternalBinding binds-to="task" binding="SelectedTask"/>
    <ObjectMapping>
        <ValueMapping name="id" maps-to="TaskId(task)"/>
        <ValueMapping name="service" maps-to="TaskServiceName(task)"/>
        <ValueMapping name="status" maps-to="TaskStatus(task)"/>
        <ValueMapping name="queuetime" maps-to="TaskQueueTime(task)"/>
        <ValueMapping name="runtime" maps-to="TaskRunTime(task)"/>
        <ValueMapping name="returncode" maps-to="TaskReturnCode(task)"/>
    </ObjectMapping>
</AimmsJSONMapping>
