<AimmsXMLMapping>
    <ElementObjectMapping name="Datasets">
        <ElementObjectMapping name-binds-to="dex::ds" name-regex=".*">
            <AttributeMapping name="instance" maps-to="dex::DatasetInstance(dex::ds)"/>
            <ElementObjectMapping name="Tables">
                <ElementObjectMapping name-binds-to="dex::tbl" name-regex=".*" included-mapping="DatasetTableIncludeXMLMapping(dex::ds,dex::tbl)"/>
            </ElementObjectMapping>
        </ElementObjectMapping>
    </ElementObjectMapping>
</AimmsXMLMapping>