<AimmsXMLMapping>
    <ElementObjectMapping name="XMLObject">
        <ElementValueMapping name="scalarValue" maps-to="ccc"/>
        <ElementObjectMapping name="arrayObjectNode" iterative-reset="1">
            <ElementObjectMapping name="arrayEl" iterative-binds-to="i" iterative-prefix="arr-" write-filter="filter_i(i)" maps-to="filter_i(i)">
                <AttributeMapping name="a" maps-to="aaa(i)"/>
                <ElementValueMapping name="b" maps-to="bbb(i)"/>
                <ElementObjectMapping name="c" write-filter="filter_ij(i,j)">
                    <AttributeMapping name="label" binds-to="j"/>
                    <ElementObjectMapping name="d_">
                        <AttributeMapping name="d1" maps-to="d1(i,j)"/>
                        <ElementValueMapping name="d2" maps-to="d2(i,j)"/>
                        <ElementObjectMapping name="d3" iterative-reset="1">
                            <ElementValueMapping name="d" iterative-binds-to="k" iterative-prefix="dd-" maps-to="d3(i,j,k)" write-filter="filter_ijk(i,j,k)"/>
                        </ElementObjectMapping>
                        <ElementObjectMapping name="d4" iterative-reset="1">
                            <ElementValueMapping name="dd" iterative-binds-to="k" maps-to="d4(i,j,k)"/>
                        </ElementObjectMapping>
                    </ElementObjectMapping>
                </ElementObjectMapping>
                <ElementObjectMapping name-binds-to="r" name-regex="aa.*">
                    <ElementValueMapping name="data" maps-to="ddd(i,r)"/>
                    <ElementObjectMapping name="further">
                        <ElementValueMapping name="eata" maps-to="eee(i,r)"/>
                        <ElementValueMapping name="fata" maps-to="fff(i,r)"/>
                    </ElementObjectMapping>
                </ElementObjectMapping>
            </ElementObjectMapping>
        </ElementObjectMapping>
    </ElementObjectMapping>
</AimmsXMLMapping>