<AimmsXMLMapping namespace-uri="https://aimms.com/namespaces/XMLTestMapping">
    <ElementObjectMapping name="XMLObject">
        <ElementValueMapping name="copyright" value="AIMMS B.V. - 2020"/>
        <ElementValueMapping name="scalarValue" maps-to="ccc"/>
        <ElementObjectMapping name="arrayObjectNode" iterative-reset="1">
            <ElementObjectMapping name="arrayEl" iterative-binds-to="i" iterative-prefix="arr-" force-dense="S_domain(i)">
                <AttributeMapping name="a" maps-to="aaa(i)"/>
                <ElementValueMapping name="b" maps-to="bbb(i)"/>
                <ElementObjectMapping name="c">
                    <ElementValueMapping name="label" binds-to="j"/>
                    <ElementObjectMapping name="d_">
                        <AttributeMapping name="d1" maps-to="d1(i,j)"/>
                        <AttributeMapping name="de" maps-to="de(i,j)"/>
                        <AttributeMapping name="di" maps-to="di(i,j)"/>
                        <AttributeMapping name="ds" maps-to="ds(i,j)"/>
                        <ElementValueMapping name="d2" maps-to="d2(i,j)"/>
                        <ElementObjectMapping name="d3">
                            <ElementValueMapping name="d" maps-to="d3(i,j,k)">
                                <AttributeMapping name="k" binds-to="k"/>
                            </ElementValueMapping>
                        </ElementObjectMapping>
                        <ElementObjectMapping name="d4" iterative-reset="1">
                            <ElementValueMapping name="dd" maps-to="d4(i,j,k)">
                                <AttributeMapping name="k" binds-to="k"/>
                            </ElementValueMapping>
                        </ElementObjectMapping>
                    </ElementObjectMapping>
                </ElementObjectMapping>
                <ElementObjectMapping name-binds-to="r" name-regex="aa.*">
                    <ElementValueMapping name="data" maps-to="ddd(i,r)"/>
                    <ElementObjectMapping name="further">
                        <ElementValueMapping name="eata" maps-to="eee(i,r)"/>
                        <ElementValueMapping name="fata" maps-to="fff(i,r)"/>
                    </ElementObjectMapping>
                </ElementObjectMapping>
            </ElementObjectMapping>
        </ElementObjectMapping>
    </ElementObjectMapping>
</AimmsXMLMapping>