<AimmsXMLMapping>
    <ElementObjectMapping name="DataSets">
        <ElementObjectMapping name="DataSet1">
            <ElementObjectMapping name="record" write-filter="filter_ij(i,j)">
                <AttributeMapping name="i" binds-to="i"/>
                <AttributeMapping name="j" binds-to="j"/>
                <ElementValueMapping name="d1" maps-to="d1(i,j)"/>
                <ElementValueMapping name="d2" maps-to="d2(i,j)"/>
                <ElementValueMapping name="de" maps-to="de(i,j)"/>
                <ElementValueMapping name="ds" maps-to="ds(i,j)"/>
                <ElementValueMapping name="di" maps-to="di(i,j)"/>
            </ElementObjectMapping>
        </ElementObjectMapping>
    </ElementObjectMapping>
</AimmsXMLMapping>