<?xml version="1.0"?>
<AimmsXMLMapping>
	<ElementObjectMapping name="Table1">
		<ElementObjectMapping name="Row" dense-children="1">
			<AttributeMapping name="i" binds-to="i" />
			<AttributeMapping name="j" binds-to="j" />
			<AttributeMapping name="d1" maps-to="d1(i,j)" />
			<AttributeMapping name="d2" maps-to="d2(i,j)" />
			<AttributeMapping name="di" maps-to="di(i,j)" />
			<AttributeMapping name="de" maps-to="de(i,j)" />
			<AttributeMapping name="ds" maps-to="ds(i,j)" />
		</ElementObjectMapping>
	</ElementObjectMapping>
</AimmsXMLMapping>
