<AimmsXMLMapping>
    <ElementObjectMapping name="RootObject">
        <ElementValueMapping name="scalarValue" maps-to="ccc"/>
        <ElementValueMapping name="scalarElement" maps-to="ccce"/>
        <ElementValueMapping name="scalarString" maps-to="cccs" max-string-size="4096"/>
        <ElementObjectMapping name="array">
            <ElementValueMapping name="val" maps-to="ccc1(k)">
                <AttributeMapping name="k" binds-to="k"/>
            </ElementValueMapping>
        </ElementObjectMapping>
    </ElementObjectMapping>
</AimmsXMLMapping>