<AimmsJSONMapping aimms-namespace="detl">
    <ArrayMapping iterative-reset="1">
        <ObjectMapping iterative-binds-to="i_country">
            <ValueMapping name="name" maps-to="sp_names(i_country)"/>
            <ArrayMapping name="topLevelDomain"  iterative-reset="1">
                <ValueMapping iterative-binds-to="i_domainNumber" maps-to="sp_topLevelDomain(i_country,i_domainNumber)"/> 
            </ArrayMapping>
            <ArrayMapping name="callingCodes"  iterative-reset="1">
                <ValueMapping iterative-binds-to="i_domainNumber" maps-to="sp_callingCodes(i_country,i_domainNumber)"/> 
            </ArrayMapping>
            <ArrayMapping name="altSpellings"  iterative-reset="1">
                <ValueMapping iterative-binds-to="i_domainNumber" maps-to="sp_altSpellings(i_country,i_domainNumber)"/> 
            </ArrayMapping>
            <ArrayMapping name="latlng" iterative-reset="1">
                <ValueMapping iterative-binds-to="i_latlng" iterative-existing="1" maps-to="p_latlng(i_country,i_latlng)" force-dense="p_latlngDomain(i_country,i_latlng)"/> 
            </ArrayMapping>
            <ArrayMapping name="timezones"  iterative-reset="1">
                <ValueMapping iterative-binds-to="i_domainNumber" maps-to="sp_timezones(i_country,i_domainNumber)"/> 
            </ArrayMapping>
            <ArrayMapping name="borders"  iterative-reset="1">
                <ValueMapping iterative-binds-to="i_domainNumber" maps-to="sp_borders(i_country,i_domainNumber)"/> 
            </ArrayMapping>
            <ArrayMapping name="languages"  iterative-reset="1">
                <ObjectMapping iterative-binds-to="i_domainNumber">
                    <ValueMapping name-binds-to="i_languageItem" name-regex=".*" maps-to="sp_languageItem(i_country,i_domainNumber,i_languageItem)"/> 
                </ObjectMapping>
            </ArrayMapping>
            <ArrayMapping name="currencies"  iterative-reset="1">
                <ObjectMapping iterative-binds-to="i_domainNumber">
                    <ValueMapping name-binds-to="i_currencyItem" name-regex=".*" maps-to="sp_currencyItem(i_country,i_domainNumber,i_currencyItem)"/> 
                </ObjectMapping>
            </ArrayMapping>
            <ArrayMapping name="regionalBlocs"  iterative-reset="1">
                <ObjectMapping iterative-binds-to="i_domainNumber">
                    <ValueMapping name="acronym" maps-to="sp_regionalBlockAcronym(i_country,i_domainNumber)"/> 
                    <ValueMapping name="name" maps-to="sp_regionalBlockName(i_country,i_domainNumber)"/> 
                    <ArrayMapping name="otherAcronyms"  iterative-reset="1">
                        <ValueMapping iterative-binds-to="i_alternative" maps-to="sp_otherRegionalBlockAcronyms(i_country,i_domainNumber,i_alternative)"/> 
                    </ArrayMapping>
                    <ArrayMapping name="otherNames"  iterative-reset="1">
                        <ValueMapping iterative-binds-to="i_alternative" maps-to="sp_otherRegionalBlockNames(i_country,i_domainNumber,i_alternative)"/> 
                    </ArrayMapping>
                </ObjectMapping>
            </ArrayMapping>
            <ObjectMapping name="translations">
                <ValueMapping name-binds-to="i_translation" name-regex=".*" maps-to="sp_translation(i_country,i_translation)"/> 
            </ObjectMapping>
            <ValueMapping name="alpha2Code" maps-to="sp_alpha2Code(i_country)"/>
            <ValueMapping name="alpha3Code" maps-to="sp_alpha3Code(i_country)"/>
            <ValueMapping name="capital" maps-to="sp_capital(i_country)"/>
            <ValueMapping name="region" maps-to="sp_region(i_country)"/>
            <ValueMapping name="subregion" maps-to="sp_subregion(i_country)"/>
            <ValueMapping name="population" maps-to="p_population(i_country)"/>
            <ValueMapping name="demonym" maps-to="sp_demonym(i_country)"/>
            <ValueMapping name="area" maps-to="p_area(i_country)"/>
            <ValueMapping name="gini" maps-to="p_gini(i_country)"/>
            <ValueMapping name="nativeName" maps-to="sp_nativeName(i_country)"/>
            <ValueMapping name="numericCode" maps-to="sp_numericCode(i_country)"/>
            <ValueMapping name="flag" maps-to="sp_flag(i_country)"/>
            <ValueMapping name="cioc" maps-to="sp_cioc(i_country)"/>
        </ObjectMapping>
    </ArrayMapping>
</AimmsJSONMapping>