<AimmsCSVMapping aimms-namespace="detl">
    <RowMapping name="table1" write-defaults="1">
        <ColumnMapping name="set1" binds-to="i"/>
        <ColumnMapping name="set2" binds-to="j"/>
        <ColumnMapping name="d1" maps-to="d1(i,j)"/>
        <ColumnMapping name="d2" maps-to="d2(i,j)"/>
        <ColumnMapping name="de" maps-to="de(i,j)"/>
        <ColumnMapping name="ds" maps-to="ds(i,j)"/>
        <ColumnMapping name="di" maps-to="di(i,j)"/>
    </RowMapping>
</AimmsCSVMapping>