<AimmsCSVMapping aimms-namespace="detl">
    <CSVRowMapping name="table1">
        <CSVColumnMapping name="set1" binds-to="i" binds-existing="1" skip-non-existing="0"/>
        <CSVColumnMapping name="set2" binds-to="j" binds-existing="1"/>
        <CSVColumnMapping name="d1" maps-to="d1(i,j)"/>
        <CSVColumnMapping name="d2" maps-to="d2(i,j)"/>
        <CSVColumnMapping name="de" maps-to="de(i,j)" range-existing="1"/>
        <CSVColumnMapping name="ds" maps-to="ds(i,j)"/>
        <CSVColumnMapping name="di" maps-to="di(i,j)"/>
        <CSVColumnMapping name="v" value="1.0"/>
    </CSVRowMapping>
</AimmsCSVMapping>