<AimmsDatabaseMapping aimms-namespace="detl">
	<TableMapping name="sheet_ij">
		<RowMapping>
			<ColumnMapping name="set1" binds-to="i"/>
			<ColumnMapping name="set2" binds-to="j"/>
			<ColumnMapping name="d1" maps-to="d1(i,j)"/>
			<ColumnMapping name="d2" maps-to="d2(i,j)" write-defaults="1"/>
			<ColumnMapping name="de" maps-to="de(i,j)"/>
			<ColumnMapping name="ds" maps-to="ds(i,j)"/>
			<ColumnMapping name="di" maps-to="di(i,j)"/>
			<ColumnMapping name="v" value="1.0"/>
		</RowMapping>
	</TableMapping>
	<TableMapping name="ddd_eee_fff">
		<RowMapping>
			<ColumnMapping name="set1" binds-to="i"/>
			<ColumnMapping maps-to="ddd(i,r)" name-binds-to="r" name-regex="aa-.*" name-regex-prefix="d-"/>
			<ColumnMapping maps-to="eee(i,r)" name-binds-to="r" name-regex="aa-.*" name-regex-prefix="e-"/>
			<ColumnMapping maps-to="fff(i,r)" name-binds-to="r" name-regex="aa-.*" name-regex-prefix="f-"/>
		</RowMapping>
	</TableMapping>
	<TableMapping name="Dates">
		<RowMapping>
			<ColumnMapping name="hour" binds-to="t"/>
			<ColumnMapping name="another hour" maps-to="AnotherHour(t)"/>
		</RowMapping>
	</TableMapping>
</AimmsDatabaseMapping>