<AimmsDatabaseMapping aimms-namespace="detl">
	<TableMapping name="ddd_eee_fff" alt-name="other_sheet">
		<RowMapping>
			<ColumnMapping name="set1" alt-name="random" binds-to="i"/>
			<ColumnMapping maps-to="ddd(i,r)" name-binds-to="r" name-regex="aa-.*" name-regex-prefix="d-"/>
			<ColumnMapping maps-to="eee(i,r)" name-binds-to="r" name-regex="aa-.*" name-regex-prefix="e-"/>
			<ColumnMapping maps-to="fff(i,r)" name-binds-to="r" name-regex="aa-.*" name-regex-prefix="f-"/>
		</RowMapping>
	</TableMapping>
</AimmsDatabaseMapping>