<AimmsExcelMapping aimms-namespace="detl">
    <ExcelSheetMapping name="sheet_ij" color="darkblue">
        <ExcelColumnMapping name="set1" binds-to="i" color="orange"/>
        <ExcelColumnMapping name="set2" binds-to="j" color="orange"/>
        <ExcelColumnMapping name="d1" maps-to="d1(i,j)" color="lightblue"/>
        <ExcelColumnMapping name="d2" maps-to="d2(i,j)" write-defaults="1" color="lightblue" precision="2"/>
        <ExcelColumnMapping name="de" maps-to="de(i,j)" color="green"/>
        <ExcelColumnMapping name="ds" maps-to="ds(i,j)" color="green"/>
        <ExcelColumnMapping name="di" maps-to="di(i,j)" color="green"/>
        <ExcelColumnMapping name="v" value="1.0" color="grey"/>
    </ExcelSheetMapping>
    <ExcelSheetMapping name="ddd_eee_fff" color="yellow">
        <ExcelColumnMapping name="set1" binds-to="i" color="orange"/>
        <ExcelColumnMapping maps-to="ddd(i,r)" name-binds-to="r" name-regex="aa-.*" name-regex-prefix="d-" color="yellow"/>
        <ExcelColumnMapping maps-to="eee(i,r)" name-binds-to="r" name-regex="aa-.*" name-regex-prefix="e-" color="orange"/>
        <ExcelColumnMapping maps-to="fff(i,r)" name-binds-to="r" name-regex="aa-.*" name-regex-prefix="f-" color="darkblue"/>
    </ExcelSheetMapping>
	<ExcelSheetMapping name="Dates" color="green">
		<ExcelColumnMapping name="hour" binds-to="t" color="orange"/>
		<ExcelColumnMapping name="another hour" maps-to="AnotherHour(t)" color="gray"/>
	</ExcelSheetMapping>
</AimmsExcelMapping>