<AimmsExcelMapping aimms-namespace="detl">
    <ExcelSheetMapping name="sheet_ij" color="darkblue">
        <ExcelColumnMapping name="set1" binds-to="i" color="orange"/>
        <ExcelColumnMapping name="set2" binds-to="j" color="gray"/>
        <ExcelColumnMapping name="d1" maps-to="d1(i,j)" color="yellow"/>
        <ExcelColumnMapping name="d2" maps-to="d2(i,j)" write-defaults="1" color="lightblue"/>
        <ExcelColumnMapping name="de" maps-to="de(i,j)" color="green"/>
        <ExcelColumnMapping name="ds" maps-to="ds(i,j)" color="pink"/>
        <ExcelColumnMapping name="di" maps-to="di(i,j)" color="lightyellow"/>
        <ExcelColumnMapping name="v" value="1.0" color="gray"/>
    </ExcelSheetMapping>
    <ExcelSheetMapping name="ddd_eee_fff" color="orange">
        <ExcelColumnMapping name="set1" binds-to="i" color="brown"/>
        <ExcelColumnMapping maps-to="ddd(i,r)" name-binds-to="r" name-regex="aa-.*" name-regex-prefix="d-" color="purple"/>
        <ExcelColumnMapping maps-to="eee(i,r)" name-binds-to="r" name-regex="aa-.*" name-regex-prefix="e-" color="teal"/>
        <ExcelColumnMapping maps-to="fff(i,r)" name-binds-to="r" name-regex="aa-.*" name-regex-prefix="f-" color="red"/>
    </ExcelSheetMapping>
	<ExcelSheetMapping name="Dates" color="gray">
		<ExcelColumnMapping name="hour" binds-to="t" color="orange"/>
		<ExcelColumnMapping name="another hour" maps-to="AnotherHour(t)" color="gray"/>
	</ExcelSheetMapping>
	<ExcelSheetMapping name="Dates1" color="yellow">
		<ExcelColumnMapping name="hour" binds-to="t" color="orange"/>
		<ExcelColumnMapping name="another hour" maps-to="AnotherHour(t)" color="gray"/>
	</ExcelSheetMapping>
	<ExcelSheetMapping name="Dates2" color="lightblue">
		<ExcelColumnMapping name="hour" binds-to="t" color="orange"/>
		<ExcelColumnMapping name="another hour" maps-to="AnotherHour(t)" color="gray"/>
	</ExcelSheetMapping>
	<ExcelSheetMapping name="Dates3" color="green">
		<ExcelColumnMapping name="hour" binds-to="t" color="orange"/>
		<ExcelColumnMapping name="another hour" maps-to="AnotherHour(t)" color="gray"/>
	</ExcelSheetMapping>
	<ExcelSheetMapping name="Dates4" color="pink">
		<ExcelColumnMapping name="hour" binds-to="t" color="orange"/>
		<ExcelColumnMapping name="another hour" maps-to="AnotherHour(t)" color="gray"/>
	</ExcelSheetMapping>
	<ExcelSheetMapping name="Dates5" color="lightyellow">
		<ExcelColumnMapping name="hour" binds-to="t" color="orange"/>
		<ExcelColumnMapping name="another hour" maps-to="AnotherHour(t)" color="gray"/>
	</ExcelSheetMapping>
	<ExcelSheetMapping name="Dates6" color="brown">
		<ExcelColumnMapping name="hour" binds-to="t" color="orange"/>
		<ExcelColumnMapping name="another hour" maps-to="AnotherHour(t)" color="gray"/>
	</ExcelSheetMapping>
	<ExcelSheetMapping name="Dates7" color="purple">
		<ExcelColumnMapping name="hour" binds-to="t" color="orange"/>
		<ExcelColumnMapping name="another hour" maps-to="AnotherHour(t)" color="gray"/>
	</ExcelSheetMapping>
	<ExcelSheetMapping name="Dates8" color="teal">
		<ExcelColumnMapping name="hour" binds-to="t" color="orange"/>
		<ExcelColumnMapping name="another hour" maps-to="AnotherHour(t)" color="gray"/>
	</ExcelSheetMapping>
	<ExcelSheetMapping name="Dates9" color="red">
		<ExcelColumnMapping name="hour" binds-to="t" color="orange"/>
		<ExcelColumnMapping name="another hour" maps-to="AnotherHour(t)" color="gray"/>
	</ExcelSheetMapping>
</AimmsExcelMapping>