<AimmsJSONMapping aimms-namespace="detl">
    <ObjectMapping>
        <ValueMapping name="status" maps-to="GoogleDistanceStatus"/>
        <ArrayMapping name-binds-to="addrtp" name-regex="origin_addresses|destination_addresses" iterative-reset="1">
            <ValueMapping iterative-binds-to="addr" maps-to="GoogleDistanceAddress(addrtp,addr)"/>
        </ArrayMapping>
        <ArrayMapping name="rows" iterative-reset="1">
            <ObjectMapping name="row" iterative-binds-to="row">
                <ArrayMapping name="elements" iterative-reset="1">
                    <ObjectMapping name="element" iterative-binds-to="el">
                        <ValueMapping name="status" maps-to="GoogleDistanceRowStatus(row,el)"/>
                        <ObjectMapping name-binds-to="dd" name-regex="distance|duration|fare">
                            <ValueMapping name="value" maps-to="GoogleDistanceValue(row,el,dd)"/>
                            <ValueMapping name="text" maps-to="GoogleDistanceText(row,el,dd)"/>
                        </ObjectMapping>
                    </ObjectMapping>
                </ArrayMapping>
            </ObjectMapping>
        </ArrayMapping>
    </ObjectMapping>
</AimmsJSONMapping>