<AimmsJSONMapping aimms-namespace="detl">
    <ObjectMapping>
        <ArrayMapping name-binds-to="pt" name-regex="from_points|to_points" iterative-reset="1">
            <ArrayMapping iterative-binds-to="point" iterative-reset="1">
                <ValueMapping iterative-binds-to="lnglat" iterative-existing="1" maps-to="GraphHopperMatrixBodyPoints(pt,point,lnglat)"/>
            </ArrayMapping>
        </ArrayMapping>
        <ArrayMapping name-binds-to="hinttp" name-regex="from_point_hints|to_point_hints" iterative-reset="1">
            <ValueMapping iterative-binds-to="point" maps-to="GraphHopperPointHints(hinttp,point)"/>
        </ArrayMapping>
        <ArrayMapping name="out_arrays">
            <ValueMapping iterative-binds-to="arr" maps-to="GraphHopperOutArray(arr)"/>
        </ArrayMapping>
        <ValueMapping name="vehicle" maps-to="GraphHopperVehicleType"/>
        <ValueMapping name="fail_fast" maps-to="GraphHopperFailFast"/>
    </ObjectMapping>
</AimmsJSONMapping>