<AimmsJSONMapping aimms-namespace="detl">
    <ObjectMapping>
        <ValueMapping name="copyright" value="AIMMS B.V. - 2020"/>
        <ValueMapping name="scalarValue" maps-to="ccc"/>
        <ArrayMapping name="arrayObjectNode" iterative-reset="1">
            <ObjectMapping iterative-binds-to="i" binds-existing="1" iterative-prefix="arr-" force-dense="S_domain(i)">
                <ValueMapping name="a" maps-to="aaa(i)"/>
                <ValueMapping name="b" maps-to="bbb(i)"/>
                <ArrayMapping name="c">
                    <ObjectMapping>
                        <ValueMapping name="label" binds-to="j" binds-existing="1" skip-non-existing="0"/>
                        <ObjectMapping name="d">
                            <ValueMapping name="d1" maps-to="d1(i,j)"/>
                            <ValueMapping name="d2" maps-to="d2(i,j)"/>
                            <ValueMapping name="de" maps-to="de(i,j)" range-existing="1" skip-non-existing="0"/>
                            <ValueMapping name="di" maps-to="di(i,j)"/>
                            <ValueMapping name="ds" maps-to="ds(i,j)"/>
                            <ArrayMapping name="d3" iterative-reset="1">
                                <ValueMapping iterative-binds-to="k" binds-existing="1" range-existing="1" maps-to="d3(i,j,k)" force-dense="d3_domain(i,j,k)"/>
                            </ArrayMapping>
                            <ArrayMapping name="d4" iterative-reset="1">
                                <ValueMapping iterative-binds-to="k"  binds-existing="1" maps-to="d4(i,j,k)" force-dense="d4_domain(i,j,k)"/>
                            </ArrayMapping>
                        </ObjectMapping>
                    </ObjectMapping>
                </ArrayMapping>
                <ObjectMapping name-binds-to="r" binds-existing="1" name-regex="aa.*">
                    <ValueMapping name="data" maps-to="ddd(i,r)"/>
                    <ObjectMapping name="further">
                        <ValueMapping name="eata" maps-to="eee(i,r)"/>
                        <ValueMapping name="fata" maps-to="fff(i,r)"/>
                    </ObjectMapping>
                </ObjectMapping>
            </ObjectMapping>
        </ArrayMapping>
    </ObjectMapping>
</AimmsJSONMapping>