<AimmsJSONMapping aimms-namespace="detl">
    <ObjectMapping>
        <ArrayMapping name="results">
            <ObjectMapping iterative-binds-to="i_res" >
                <ArrayMapping name="alternatives">
                    <ObjectMapping iterative-binds-to="i_alt" >
                        <ValueMapping name="confidence" maps-to="p_confidence(i_res,i_alt)"/>
                        <ValueMapping name="transcript" maps-to="sp_transcript(i_res,i_alt)"/>
                    </ObjectMapping>
                </ArrayMapping>
                <ValueMapping name="final" maps-to="sp_final(i_res)"/>
            </ObjectMapping>
        </ArrayMapping>
        <ValueMapping name="result_index" maps-to="p_resultIndex"/>
        <ArrayMapping name="warnings">
            <ValueMapping iterative-binds-to="i_warn" maps-to="sp_warning(i_warn)"/>
        </ArrayMapping>
    </ObjectMapping>
</AimmsJSONMapping>