<AimmsJSONMapping aimms-namespace="detl">
    <ObjectMapping>
        <ValueMapping name="scalarValue" maps-to="ccc"/>
        <ValueMapping name="scalarEP" maps-to="ccce"/>
        <ValueMapping name="scalarSP" maps-to="cccs" max-string-size="4096"/>
        <ArrayMapping name="array">
            <ObjectMapping>
                <ValueMapping name="k" binds-to="k"/>
                <ValueMapping name="val" maps-to="ccc1(k)"/>
            </ObjectMapping>
        </ArrayMapping>
    </ObjectMapping>
</AimmsJSONMapping>