<AimmsJSONMapping aimms-namespace="detl">
    <ObjectMapping>
        <ObjectMapping name="datasets">
            <ObjectMapping name-binds-to="dex::ds" name-regex=".*">
                <ValueMapping name="instance" maps-to="dex::DatasetInstance(dex::ds)"/>
                <ObjectMapping name="tables">
                    <ObjectMapping name-binds-to="dex::tbl" name-regex=".*" included-mapping="DatasetTableIncludeJSONMapping(dex::ds,dex::tbl)"/>
                </ObjectMapping>
            </ObjectMapping>
        </ObjectMapping>
    </ObjectMapping>
</AimmsJSONMapping>