<?xml version="1.0" encoding="utf-8"?>
<AimmsJSONMapping aimms-namespace="detl">
	<ObjectMapping>	
		
		<ArrayMapping name="box_flow_inputs">
			<ObjectMapping>
				<ValueMapping name="boxLabel" binds-to="iBoxes" />
				<ValueMapping name="inputLabel" binds-to="iInputs"/>
				<ValueMapping name="value" maps-to="spValue(iBoxes, iInputs)"/>
			</ObjectMapping>
		</ArrayMapping>

		<ArrayMapping name="box_flow_outputs">
			<ObjectMapping>
				<ValueMapping name="boxLabel" binds-to="iBoxes" />
				<ValueMapping name="outputLabel" binds-to="iOutputs"/>
				<ValueMapping name="value" maps-to="spValue(iBoxes, iOutputs)"/>
			</ObjectMapping>
		</ArrayMapping>

	</ObjectMapping>
</AimmsJSONMapping>