<?xml version="1.0" encoding="utf-8"?>
<AimmsExcelMapping aimms-namespace="detl">
	<TableMapping name="Inputs">	
		<RowMapping>
			<ColumnMapping name="boxLabel" binds-to="iBoxes" />
			<ColumnMapping name="inputLabel" binds-to="iInputs"/>
			<ColumnMapping name="value" maps-to="spValue(iBoxes, iInputs)"/>
		</RowMapping>
	</TableMapping>
	<TableMapping name="Outputs">	
		<RowMapping>
			<ColumnMapping name="boxLabel" binds-to="iBoxes" />
			<ColumnMapping name="outputLabel" binds-to="iOutputs"/>
			<ColumnMapping name="value" maps-to="spValue(iBoxes, iOutputs)"/>
		</RowMapping>
	</TableMapping>
</AimmsExcelMapping>