<?xml version="1.0" encoding="utf-8"?>
<AimmsXMLMapping aimms-namespace="detl">
	<ElementObjectMapping name="network">	
		
		<ElementObjectMapping name="box_flow_inputs">
			<ElementObjectMapping name="box_flow_input">
				<ElementValueMapping name="boxLabel" binds-to="iBoxes" />
				<ElementValueMapping name="inputLabel" binds-to="iInputs"/>
				<ElementValueMapping name="value" maps-to="spValue(iBoxes, iInputs)"/>
			</ElementObjectMapping>
		</ElementObjectMapping>

		<ElementObjectMapping name="box_flow_outputs">
			<ElementObjectMapping name="box_flow_output">
				<ElementValueMapping name="value" maps-to="spValue(iBoxes, iOutputs)">
					<AttributeMapping name="boxLabel" binds-to="iBoxes" />
					<AttributeMapping name="outputLabel" binds-to="iOutputs"/>
				</ElementValueMapping>
			</ElementObjectMapping>
		</ElementObjectMapping>

	</ElementObjectMapping>
</AimmsXMLMapping>