<?xml version="1.0" encoding="utf-8"?>
<AimmsJSONMapping aimms-namespace="detl">
	<ObjectMapping>	
		
		<RowOrientedObjectMapping name="box_flow_inputs">
				<ValueMapping name="boxLabel" binds-to="iBoxes" />
				<ValueMapping name="inputLabel" binds-to="iInputs"/>
				<ValueMapping name="value" maps-to="spValue(iBoxes, iInputs)"/>
		</RowOrientedObjectMapping>

		<ColumnOrientedObjectMapping name="box_flow_outputs">
				<ValueMapping name="boxLabel" binds-to="iBoxes" />
				<ValueMapping name="outputLabel" binds-to="iOutputs"/>
				<ValueMapping name="value" maps-to="spValue(iBoxes, iOutputs)"/>
		</ColumnOrientedObjectMapping>

	</ObjectMapping>
</AimmsJSONMapping>