<AimmsParquetMapping aimms-namespace="detl">
    <RowMapping name="table1">
        <ColumnMapping name="set1" binds-to="i" binds-existing="1" skip-non-existing="0"/>
        <ColumnMapping name="set2" binds-to="j" binds-existing="1"/>
        <ColumnMapping name="d1" maps-to="d1(i,j)"/>
        <ColumnMapping name="d2" maps-to="d2(i,j)"/>
        <ColumnMapping name="de" maps-to="de(i,j)" range-existing="1" skip-non-existing="0"/>
        <ColumnMapping name="ds" maps-to="ds(i,j)"/>
        <ColumnMapping name="di" maps-to="di(i,j)"/>
        <ColumnMapping name="v" value="1.0"/>
    </RowMapping>
</AimmsParquetMapping>