<AimmsDatabaseMapping  aimms-namespace="detl">
    <TableMapping name="Table-Öræfajökull">
        <RowMapping>
            <ColumnMapping name="Prop" binds-to="vulcp"/>
            <ColumnMapping name="Value" maps-to="VulcanoOne(vulcp)"/>
        </RowMapping>
    </TableMapping>
    <TableMapping name="Table-Þórðarhyrna">
        <RowMapping>
            <ColumnMapping name="Prop" binds-to="vulcp"/>
            <ColumnMapping name="Value" maps-to="VulcanoTwo(vulcp)"/>
        </RowMapping>
    </TableMapping>
</AimmsDatabaseMapping>