<AimmsXMLMapping>
    <ElementObjectMapping name="AimmsExcelMapping">
        <ElementObjectMapping name="ExcelSheetMapping" iterative-reset="1">
            <AttributeMapping name="name" binds-to="dex::tbl"/>
            <ElementObjectMapping name="RowMapping">
                <ElementValueMapping name="ColumnMapping" iterative-binds-to="dex::col">
                    <AttributeMapping name="name" maps-to="dex::CurrentDatasetTableColumnName(dex::tbl,dex::col)"/>
                    <AttributeMapping name="binds-to" maps-to="dex::CurrentDatasetTableColumnIndex(dex::tbl,dex::col)"/>
                    <AttributeMapping name="maps-to" maps-to="dex::CurrentDatasetTableColumnIdentifier(dex::tbl,dex::col)"/>
                </ElementValueMapping>
            </ElementObjectMapping>
        </ElementObjectMapping>
    </ElementObjectMapping>
</AimmsXMLMapping>
