<AimmsXMLMapping>
	<ExternalBinding binds-to="dex::doc" binding="dex::CurrentDocument"/>
	<ExternalBinding binds-to="dex::docnde" binding="dex::CurrentDocumentNode"/>
	<ElementObjectMapping name="AimmsJSONMapping" iterative-reset="dex::docchld">
		<ElementObjectMapping name="ObjectMapping" included-mapping="@Generators/JSONDocumentContent" force-dense="dex::DocumentRootNode(dex::doc,dex::docnde)">
			<ExternalBinding binds-to="dex::doc" binding="dex::doc"/>
			<ExternalBinding binds-to="dex::docnde" binding="dex::docnde"/>
		</ElementObjectMapping>
	</ElementObjectMapping>
</AimmsXMLMapping>