<AimmsXMLMapping>
    <ElementObjectMapping name="AimmsJSONMapping">
        <ElementObjectMapping name="ObjectMapping">
            <ElementObjectMapping name="ArrayMapping">
                <AttributeMapping name="name" value="rows"/>
                 <ElementObjectMapping name="ObjectMapping" iterative-reset="1">
				<AttributeMapping name="write-filter" maps-to="dex::CurrentTableRowWriteFilter"/>
                   <ElementValueMapping name="ValueMapping" iterative-binds-to="dex::col">
                        <AttributeMapping name="name" maps-to="dex::CurrentTableColumnName(dex::col)"/>
                        <AttributeMapping name="binds-to" maps-to="dex::CurrentTableColumnIndex(dex::col)"/>
                        <AttributeMapping name="maps-to" maps-to="dex::CurrentTableColumnIdentifier(dex::col)"/>
						<AttributeMapping name-binds-to="dex::attr" name-regex=".*" maps-to="dex::CurrentTableColumnExtraAttribute(dex::col,dex::attr)"/>
                    </ElementValueMapping>
                </ElementObjectMapping>
            </ElementObjectMapping>
        </ElementObjectMapping>
    </ElementObjectMapping>
</AimmsXMLMapping>