<AimmsXMLMapping>
	<ExternalBinding binds-to="dex::doc" binding="dex::CurrentDocument"/>
	<ExternalBinding binds-to="dex::nde" binding="dex::CurrentNode"/>
	<ElementObjectMapping name="AimmsJSONMapping" iterative-reset="dex::chld">
		<ElementObjectMapping name="ObjectMapping" included-mapping="@Generators/JSONDocumentContent" force-dense="dex::DocumentRootNode(dex::doc,dex::nde)">
			<ExternalBinding binds-to="dex::doc" binding="dex::doc"/>
			<ExternalBinding binds-to="dex::nde" binding="dex::nde"/>
		</ElementObjectMapping>
	</ElementObjectMapping>
</AimmsXMLMapping>