<AimmsXMLMapping>
    <ElementObjectMapping name="AimmsJSONMapping">
        <ElementObjectMapping name="ObjectMapping">
            <ElementObjectMapping name="ColumnOrientedObjectMapping">
                <AttributeMapping name="name" value="columns"/>
                <ElementValueMapping name="ValueMapping" iterative-binds-to="dex::col">
                    <AttributeMapping name="name" maps-to="dex::CurrentTableColumnName(dex::col)"/>
                    <AttributeMapping name="binds-to" maps-to="dex::CurrentTableColumnIndex(dex::col)"/>
                    <AttributeMapping name="maps-to" maps-to="dex::CurrentTableColumnIdentifier(dex::col)"/>
                </ElementValueMapping>
            </ElementObjectMapping>
        </ElementObjectMapping>
    </ElementObjectMapping>
</AimmsXMLMapping>