<AimmsXMLMapping>
	<ExternalBinding binds-to="dex::doc" binding="dex::CurrentDocument"/>
	<ExternalBinding binds-to="dex::nde" binding="dex::CurrentNode"/>
	<ElementObjectMapping name="ObjectMapping" iterative-reset="dex::fld">
		<ElementValueMapping name="ValueMapping" iterative-binds-to="dex::fld" iterative-prefix="field-">
			<AttributeMapping name-binds-to="dex::attr" name-regex=".*" maps-to="dex::DocumentFieldAttributeValue(dex::doc,dex::nde,dex::fld,dex::attr)"/>
		</ElementValueMapping>
		<ElementObjectMapping name="ArrayMapping" iterative-binds-to="dex::chld" iterative-prefix="node-">
			<AttributeMapping name="name" maps-to="dex::DocumentArrayChildName(dex::doc,dex::nde,dex::chld)"/>
			<ElementObjectMapping name="ObjectMapping" included-mapping="@Generators/JSONDocumentContent" force-dense="dex::DocumentArrayHasChild(dex::doc,dex::nde,dex::chld)">
				<ExternalBinding binds-to="dex::doc" binding="dex::doc"/>
				<ExternalBinding binds-to="dex::nde" binding="dex::chld"/>
			</ElementObjectMapping>
		</ElementObjectMapping>
	</ElementObjectMapping>
</AimmsXMLMapping>