<AimmsXMLMapping>
	<ExternalBinding binds-to="dex::doc" binding="dex::CurrentDocument"/>
	<ExternalBinding binds-to="dex::docnde" binding="dex::CurrentDocumentNode"/>
	<ElementObjectMapping name="ObjectMapping" iterative-reset="dex::docfld">
		<ElementValueMapping name="ValueMapping" iterative-binds-to="dex::docfld" iterative-prefix="field-">
			<AttributeMapping name-binds-to="dex::attr" name-regex=".*" maps-to="dex::DocumentFieldAttributeValue(dex::doc,dex::docnde,dex::docfld,dex::attr)"/>
		</ElementValueMapping>
		<ElementObjectMapping name="ArrayMapping" iterative-binds-to="dex::docchld" iterative-prefix="node-">
			<AttributeMapping name="name" maps-to="dex::DocumentArrayChildName(dex::doc,dex::docnde,dex::docchld)"/>
			<ElementObjectMapping name="ObjectMapping" included-mapping="@Generators/JSONDocumentContent" force-dense="dex::DocumentArrayHasChild(dex::doc,dex::docnde,dex::docchld)">
				<ExternalBinding binds-to="dex::doc" binding="dex::doc"/>
				<ExternalBinding binds-to="dex::docnde" binding="dex::docchld"/>
			</ElementObjectMapping>
		</ElementObjectMapping>
	</ElementObjectMapping>
</AimmsXMLMapping>