<AimmsXMLMapping>
    <ElementObjectMapping name="AimmsXMLMapping">
        <ElementObjectMapping name="ElementObjectMapping">
                <AttributeMapping name="name" maps-to="dex::CurrentTable"/>
                <ElementObjectMapping name="ElementObjectMapping" iterative-reset="1">
                    <AttributeMapping name="name" value="Row"/>
                    <AttributeMapping name="dense-children" value="1"/>
                    <ElementValueMapping name="AttributeMapping" iterative-binds-to="dex::col">
                        <AttributeMapping name="name" maps-to="dex::CurrentTableColumnName(dex::col)"/>
                        <AttributeMapping name="binds-to" maps-to="dex::CurrentTableColumnIndex(dex::col)"/>
                        <AttributeMapping name="maps-to" maps-to="dex::CurrentTableColumnIdentifier(dex::col)"/>
                    </ElementValueMapping>
                </ElementObjectMapping>
        </ElementObjectMapping>
    </ElementObjectMapping>
</AimmsXMLMapping>