<AimmsXMLMapping>
    <ElementObjectMapping name="AimmsXMLMapping">
        <ElementObjectMapping name="ElementObjectMapping">
                <AttributeMapping name="name" maps-to="dex::CurrentTable"/>
                <ElementObjectMapping name="ElementObjectMapping" iterative-reset="1">
                    <AttributeMapping name="name" value="Row"/>
					<AttributeMapping name="write-filter" maps-to="dex::CurrentTableRowWriteFilter"/>
                    <ElementValueMapping name="AttributeMapping" iterative-binds-to="dex::col" write-filter="dex::CurrentTableColumnIndex(dex::col)">
                        <AttributeMapping name="name" maps-to="dex::CurrentTableColumnName(dex::col)"/>
                        <AttributeMapping name="binds-to" maps-to="dex::CurrentTableColumnIndex(dex::col)"/>
                    </ElementValueMapping>
                    <ElementValueMapping name="ElementValueMapping" iterative-binds-to="dex::col" write-filter="dex::CurrentTableColumnIdentifier(dex::col)">
                        <AttributeMapping name="name" maps-to="dex::CurrentTableColumnName(dex::col)"/>
                        <AttributeMapping name="maps-to" maps-to="dex::CurrentTableColumnIdentifier(dex::col)"/>
						<AttributeMapping name-binds-to="dex::attr" name-regex=".*" maps-to="dex::CurrentTableColumnExtraAttribute(dex::col,dex::attr)"/>
                    </ElementValueMapping>
                </ElementObjectMapping>
        </ElementObjectMapping>
    </ElementObjectMapping>
</AimmsXMLMapping>