ITEM,ITEM_DESC,CATEGORY,PRODUCT_TYPE_DESC,BRAND_DESC,LINE_EXTENSION_DESC,U_PRIMARY_PACKTYPE_DESCR,U_SEC_PACKTYPE_OUTER_DESC,U_SEC_PACKTYPE_INBTW_DESC,U_RETURNABLE_STATUS,U_CONT_UNIT_DESC,U_PRODUCT_STATUS,U_CREATE_DATE,U_COMMON_MAT_GRP_DESC,BRAND_ID
1,ZZ_Cap Al Screw DREHER Radler 0.0% 2015,YVER,,,,,,,,,Z4,2017-12-13,CMG0069,
2,ZZ_FRÍÍ PET Shrink 6x1,,,,,,,,,,,,,
3,RELAX Liči Can Tray 12x33cl DEPOSIT,YFER,Soft Drinks,Relax,,Can,Tray+Shrink,Not Applicable,Non-Returnable,33 CL,Z1,2022-02-03,CMG0394,B0986
4,ZZ_BERÁNEK IPA Keg 30L,YFER,Beer,Beranek,Beranek IPA,Keg Conventional Returnable,Not Applicable,Not Applicable,Returnable,30 L,Z4,2021-07-05,CMG0391,B4171
5,ZZ_UNION Rad Gren Keg 25L SI,YFER,Beer,Union,Union Radler Grapefruit,Keg Conventional Returnable,Not Applicable,Not Applicable,Returnable,25 L,Z4,2021-07-04,CMG0391,B2589
