{"ar":[{"el":"  arr-1","j":"a-2","di":51},{"el":"arr-1   ","j":"a-4","de":"8","di":90},{"el":"arr-1","j":"a-5","di":87},{"el":"arr-1","j":"a-7","di":90},{"el":"arr-1","j":"a-10","de":"9","di":66},{"el":"arr-2","j":"a-1","d1":0.5,"d2":1.07},{"el":"arr-2","j":"a-2","d1":0.963846},{"el":"arr-2","j":"a-3","d1":0.248,"d2":1.579363,"de":"5","di":13},{"el":"arr-2","j":"a-4","d1":0.25,"ds":"string 🍷,\"5","di":73},{"el":"arr-2","j":"a-5","d1":0.112488,"ds":"string 🍷,\"2","di":86},{"el":"arr-2","j":"a-6","d1":0.1837,"de":"10"},{"el":"arr-2","j":"a-7","d2":1.655178},{"el":"arr-2","j":"a-8","d1":0.18376,"ds":"string 🍷,\"5"},{"el":"arr-2","j":"a-9","d1":0.84286,"de":"5"},{"el":"arr-2","j":"a-10","d1":0.66929,"de":"1"},{"el":"arr-3","j":"a-1","d1":0.448,"de":"4","di":99},{"el":"arr-3","j":"a-2","d1":0.4,"de":"10"},{"el":"arr-3","j":"a-3","d1":0.727},{"el":"arr-3","j":"a-4","d1":0.40578,"d2":1.3149},{"el":"arr-3","j":"a-5","d1":0.509,"ds":"string 🍷,\"5","di":84},{"el":"arr-3","j":"a-6","d1":0.374},{"el":"arr-3","j":"a-7","d1":0.83},{"el":"arr-3","j":"a-8","d1":0.9,"de":"9"},{"el":"arr-3","j":"a-9","d1":0.7849167,"ds":"string 🍷,\"5","di":49},{"el":"arr-3","j":"a-10","d1":0.953,"ds":"string 🍷,\"6"},{"el":"arr-4","j":"a-1","d1":0.3629},{"el":"arr-4","j":"a-2","d1":0.05813},{"el":"arr-4","j":"a-3","d1":0.2,"de":"3"},{"el":"arr-4","j":"a-4","d1":0.381392,"d2":1.5,"ds":"string 🍷,\"2"},{"el":"arr-4","j":"a-5","d1":0.328,"ds":"string 🍷,\"1","di":28},{"el":"arr-4","j":"a-6","d1":0.01,"de":"6"},{"el":"arr-4","j":"a-7","d1":0.45,"di":22},{"el":"arr-4","j":"a-8","d1":0.4119527,"ds":"string 🍷,\"6"},{"el":"arr-4","j":"a-9","d1":0.3,"d2":1.13,"ds":"string 🍷,\"4"},{"el":"arr-4","j":"a-10","d1":0.8,"de":"3"},{"el":"arr-5","j":"a-1","d1":0.676,"ds":"string 🍷,\"1"},{"el":"arr-5","j":"a-2","d1":0.880414,"d2":1.685},{"el":"arr-5","j":"a-3","d1":0.4,"di":95},{"el":"arr-5","j":"a-4","d1":0.8035753},{"el":"arr-5","j":"a-5","de":"5","ds":"string 🍷,\"3","di":64},{"el":"arr-5","j":"a-6","d1":0.930121},{"el":"arr-5","j":"a-7","d1":0.60441,"d2":1.1,"de":"4","ds":"string 🍷,\"1","di":45},{"el":"arr-5","j":"a-8","d1":0.178},{"el":"arr-5","j":"a-9","d1":0.6,"de":"7","di":36},{"el":"arr-5","j":"a-10","d1":0.912209},{"el":"arr-6","j":"a-1","de":"1","ds":"string 🍷,\"4"},{"el":"arr-6","j":"a-2","d1":0.43},{"el":"arr-6","j":"a-3","d1":0.95027},{"el":"arr-6","j":"a-4","d1":0.11},{"el":"arr-6","j":"a-5","d1":0.7},{"el":"arr-6","j":"a-6","d1":1.0,"ds":"string 🍷,\"2","di":19},{"el":"arr-6","j":"a-7","d1":0.626499,"de":"8"},{"el":"arr-6","j":"a-8","d1":1.0,"ds":"string 🍷,\"5"},{"el":"arr-6","j":"a-9","d1":0.354},{"el":"arr-6","j":"a-10","d1":0.1},{"el":"arr-7","j":"a-1","d1":0.739078,"de":"8"},{"el":"arr-7","j":"a-2","d1":0.176348,"ds":"string 🍷,\"5"},{"el":"arr-7","j":"a-3","d1":0.8,"de":"5"},{"el":"arr-7","j":"a-4","d1":0.43804,"d2":1.4,"di":61},{"el":"arr-7","j":"a-5","d1":0.77,"ds":"string 🍷,\"7"},{"el":"arr-7","j":"a-6","d1":0.35,"ds":"string 🍷,\"1"},{"el":"arr-7","j":"a-7","d1":0.7},{"el":"arr-7","j":"a-8","d1":0.07,"de":"6"},{"el":"arr-7","j":"a-9","d1":0.354153,"d2":1.1,"di":28},{"el":"arr-7","j":"a-10","d1":0.8405,"ds":"string 🍷,\"0"},{"el":"arr-8","j":"a-1","d1":0.809},{"el":"arr-8","j":"a-2","d1":0.0754688,"de":"3"},{"el":"arr-8","j":"a-3","d1":0.248},{"el":"arr-8","j":"a-4","d1":0.25},{"el":"arr-8","j":"a-5","d1":0.8},{"el":"arr-8","j":"a-6","d1":0.133},{"el":"arr-8","j":"a-7","d1":0.363514,"di":21},{"el":"arr-8","j":"a-8","d1":0.41709,"d2":1.59},{"el":"arr-8","j":"a-9","d1":0.503523,"d2":1.91},{"el":"arr-8","j":"a-10","d1":0.056605,"de":"3"},{"el":"arr-9","j":"a-1","d1":0.792041},{"el":"arr-9","j":"a-2","d1":0.28,"d2":1.98411},{"el":"arr-9","j":"a-3","di":27},{"el":"arr-9","j":"a-4","d1":0.3328},{"el":"arr-9","j":"a-5","d1":0.12},{"el":"arr-9","j":"a-6","d1":0.6496,"ds":"string 🍷,\"5"},{"el":"arr-9","j":"a-7","d1":0.12},{"el":"arr-9","j":"a-8","d1":0.775915,"de":"8","ds":"string 🍷,\"4","di":62},{"el":"arr-9","j":"a-9","d1":0.33485},{"el":"arr-9","j":"a-10","d1":0.5},{"el":"arr-10","j":"a-1","d1":0.725984,"de":"6"},{"el":"arr-10","j":"a-2","d1":0.2,"d2":1.53453,"ds":"string 🍷,\"2"},{"el":"arr-10","j":"a-3","d1":0.862,"di":2},{"el":"arr-10","j":"a-4","d1":1.0,"d2":1.06,"de":"6"},{"el":"arr-10","j":"a-5","d1":0.2,"de":"4","ds":"string 🍷,\"1"},{"el":"arr-10","j":"a-6","d1":0.2056213,"d2":1.93967},{"el":"arr-10","j":"a-7","d1":0.5425},{"el":"arr-10","j":"a-8","d1":0.2},{"el":"arr-10","j":"a-9","d1":0.303331},{"el":"arr-10","j":"a-10","d1":0.7005},{"el":"arr-11","j":"a-1","d1":0.525,"d2":1.3715},{"el":"arr-11","j":"a-2","d1":0.91,"de":"6","di":51},{"el":"arr-11","j":"a-3","d1":0.298885},{"el":"arr-11","j":"a-4","d1":0.050236},{"el":"arr-11","j":"a-5","d1":0.9,"de":"2","ds":"string 🍷,\"3"},{"el":"arr-11","j":"a-6","d1":1.0,"de":"7","ds":"string 🍷,\"5","di":83},{"el":"arr-11","j":"a-7","d1":0.7,"de":"4","di":53},{"el":"arr-11","j":"a-8","d1":0.5404},{"el":"arr-11","j":"a-9","d1":0.72},{"el":"arr-11","j":"a-10","de":"2","ds":"string 🍷,\"6"},{"el":"arr-12","j":"a-1","d1":0.2588},{"el":"arr-12","j":"a-2","d1":0.1},{"el":"arr-12","j":"a-3","d1":1.0},{"el":"arr-12","j":"a-4","d1":0.94221,"ds":"string 🍷,\"1"},{"el":"arr-12","j":"a-5","d1":0.57},{"el":"arr-12","j":"a-6","d1":0.635487,"de":"6","ds":"string 🍷,\"4"},{"el":"arr-12","j":"a-7","d1":0.5,"d2":1.6235,"ds":"string 🍷,\"3"},{"el":"arr-12","j":"a-8","d1":0.4148,"d2":1.504},{"el":"arr-12","j":"a-9","d1":0.5},{"el":"arr-12","j":"a-10","d1":0.0184,"d2":1.9199999999999998},{"el":"arr-13","j":"a-1","d1":0.06,"di":49},{"el":"arr-13","j":"a-2","d1":0.2,"de":"2","ds":"string 🍷,\"1","di":93},{"el":"arr-13","j":"a-3","d1":0.679867,"d2":1.940985,"di":91},{"el":"arr-13","j":"a-4","d1":0.1402,"d2":1.8},{"el":"arr-13","j":"a-5","d1":0.83},{"el":"arr-13","j":"a-6","d1":1.0,"d2":1.1},{"el":"arr-13","j":"a-7","d1":0.571739},{"el":"arr-13","j":"a-8","d1":0.7927026,"d2":1.286,"ds":"string 🍷,\"1"},{"el":"arr-13","j":"a-9","d1":0.781,"d2":1.4,"di":87},{"el":"arr-13","j":"a-10","d1":0.66892,"de":"3","di":37},{"el":"arr-14","j":"a-1","d1":0.1,"d2":1.172087,"di":73},{"el":"arr-14","j":"a-2","d1":0.8,"d2":1.3326,"di":93},{"el":"arr-14","j":"a-3","d1":0.7},{"el":"arr-14","j":"a-4","d1":0.3259301,"d2":1.141404,"ds":"string 🍷,\"2"},{"el":"arr-14","j":"a-5","d1":0.9381},{"el":"arr-14","j":"a-6","d1":0.6363,"d2":1.4,"ds":"string 🍷,\"4"},{"el":"arr-14","j":"a-7","d1":1.0,"ds":"string 🍷,\"3","di":26},{"el":"arr-14","j":"a-8","d1":0.069292,"de":"7"},{"el":"arr-14","j":"a-9","d1":0.0616,"ds":"string 🍷,\"4"},{"el":"arr-14","j":"a-10","d1":0.8564533,"d2":1.9,"ds":"string 🍷,\"3"},{"el":"arr-15","j":"a-1","d2":1.422,"di":7},{"el":"arr-15","j":"a-2","d1":1.0,"de":"10"},{"el":"arr-15","j":"a-3","d1":0.35619,"d2":1.0},{"el":"arr-15","j":"a-4","d1":0.31,"ds":"string 🍷,\"0"},{"el":"arr-15","j":"a-5","d1":0.8595},{"el":"arr-15","j":"a-6","d1":0.9},{"el":"arr-15","j":"a-7","d1":0.31239},{"el":"arr-15","j":"a-8","d1":0.9082,"ds":"string 🍷,\"5"},{"el":"arr-15","j":"a-9","d1":0.592511,"ds":"string 🍷,\"6"},{"el":"arr-15","j":"a-10","d1":0.35569,"d2":1.77969,"de":"2"},{"el":"arr-16","j":"a-1","d1":0.502537,"di":37},{"el":"arr-16","j":"a-2","d1":0.284,"di":95},{"el":"arr-16","j":"a-3","d1":1.0,"de":"8","di":52},{"el":"arr-16","j":"a-4","d1":0.25122,"de":"6","di":30},{"el":"arr-16","j":"a-5","d1":0.70764,"ds":"string 🍷,\"4","di":73},{"el":"arr-16","j":"a-6","d1":0.49,"de":"10"},{"el":"arr-16","j":"a-7","d1":0.8,"d2":1.9049},{"el":"arr-16","j":"a-8","d1":0.8,"ds":"string 🍷,\"5"},{"el":"arr-16","j":"a-9","d1":0.99,"de":"8"},{"el":"arr-16","j":"a-10","d1":0.35457,"d2":1.2},{"el":"arr-17","j":"a-1","d1":0.97},{"el":"arr-17","j":"a-2","d1":0.59108},{"el":"arr-17","j":"a-3","d1":0.3652},{"el":"arr-17","j":"a-4","d1":0.762061},{"el":"arr-17","j":"a-5","d1":0.49,"de":"2","ds":"string 🍷,\"3","di":39},{"el":"arr-17","j":"a-6","d1":0.7,"di":30},{"el":"arr-17","j":"a-7","d1":0.2136,"d2":1.5272,"de":"6","ds":"string 🍷,\"4"},{"el":"arr-17","j":"a-8","d1":0.601559,"de":"7"},{"el":"arr-17","j":"a-9","d1":0.938,"de":"2"},{"el":"arr-17","j":"a-10","d1":0.4872},{"el":"arr-18","j":"a-1","d1":0.993,"di":23},{"el":"arr-18","j":"a-2","d1":0.2276,"d2":1.071703},{"el":"arr-18","j":"a-3","d1":0.51,"de":"5","ds":"string 🍷,\"3"},{"el":"arr-18","j":"a-4","d1":0.8,"di":56},{"el":"arr-18","j":"a-5","d1":0.75,"d2":1.0753,"ds":"string 🍷,\"0"},{"el":"arr-18","j":"a-6","d1":0.231,"de":"8"},{"el":"arr-18","j":"a-7","d1":0.701068,"di":84},{"el":"arr-18","j":"a-8","d1":0.1580193,"d2":1.415057,"de":"7"},{"el":"arr-18","j":"a-9","d1":0.32297},{"el":"arr-18","j":"a-10","d1":0.0796},{"el":"arr-19","j":"a-1","d1":1.0,"d2":1.851885,"di":61},{"el":"arr-19","j":"a-2","d1":0.5212,"ds":"string 🍷,\"1"},{"el":"arr-19","j":"a-3","d1":1.0,"d2":1.1,"de":"6"},{"el":"arr-19","j":"a-4","d1":0.665221,"di":84},{"el":"arr-19","j":"a-5","d1":0.6634},{"el":"arr-19","j":"a-6","d1":0.60804,"de":"6"},{"el":"arr-19","j":"a-7","d1":1.0,"de":"10","ds":"string 🍷,\"0","di":5},{"el":"arr-19","j":"a-8","d1":0.6814},{"el":"arr-19","j":"a-9","d1":1.0},{"el":"arr-19","j":"a-10","d1":0.91,"de":"9","ds":"string 🍷,\"4"},{"el":"arr-20","j":"a-1","d1":0.5088},{"el":"arr-20","j":"a-2","d1":0.12,"di":76},{"el":"arr-20","j":"a-3","d1":0.237,"d2":1.08123,"di":66},{"el":"arr-20","j":"a-4","d1":0.67549,"de":"9"},{"el":"arr-20","j":"a-5","d1":0.46217,"d2":1.510344},{"el":"arr-20","j":"a-6","d1":0.62576,"d2":1.384409},{"el":"arr-20","j":"a-7","d1":0.53224},{"el":"arr-20","j":"a-8","d1":0.0596,"di":14},{"el":"arr-20","j":"a-9","d1":0.339637,"d2":1.168,"ds":"string 🍷,\"7"},{"el":"arr-20","j":"a-10","d1":0.9,"di":64},{"el":"arr-21","j":"a-1","ds":"string 🍷,\"6"},{"el":"arr-21","j":"a-2","d1":1.0,"de":"3"},{"el":"arr-21","j":"a-3","d1":0.34,"de":"9","ds":"string 🍷,\"5"},{"el":"arr-21","j":"a-4","d1":0.35},{"el":"arr-21","j":"a-5","d1":0.59,"ds":"string 🍷,\"5","di":48},{"el":"arr-21","j":"a-6","d1":0.07,"ds":"string 🍷,\"0"},{"el":"arr-21","j":"a-7","d1":0.901},{"el":"arr-21","j":"a-8","d1":0.9},{"el":"arr-21","j":"a-9","d1":0.784,"di":18},{"el":"arr-21","j":"a-10","d1":0.1,"de":"6"},{"el":"arr-22","j":"a-1","d1":0.96,"d2":1.477},{"el":"arr-22","j":"a-2","d1":0.33,"d2":1.0515},{"el":"arr-22","j":"a-3","d1":0.8,"de":"5","ds":"string 🍷,\"7","di":56},{"el":"arr-22","j":"a-4","d1":0.048,"ds":"string 🍷,\"5"},{"el":"arr-22","j":"a-6","d1":0.42},{"el":"arr-22","j":"a-7","d1":0.4,"ds":"string 🍷,\"6"},{"el":"arr-22","j":"a-8","d1":0.91335,"di":85},{"el":"arr-22","j":"a-9","ds":"string 🍷,\"5"},{"el":"arr-22","j":"a-10","d1":0.43368,"di":65},{"el":"arr-23","j":"a-1","d1":0.561,"de":"8"},{"el":"arr-23","j":"a-2","d1":0.859,"de":"4"},{"el":"arr-23","j":"a-3","d1":0.55332,"di":54},{"el":"arr-23","j":"a-4","d1":0.035973},{"el":"arr-23","j":"a-5","d1":0.75,"de":"1","ds":"string 🍷,\"0"},{"el":"arr-23","j":"a-6","d1":0.155,"de":"10","di":61},{"el":"arr-23","j":"a-7","d1":0.59,"d2":1.5005},{"el":"arr-23","j":"a-8","d1":0.3037},{"el":"arr-23","j":"a-9","d1":1.0,"ds":"string 🍷,\"3"},{"el":"arr-23","j":"a-10","d1":0.080248,"d2":1.48292,"de":"8","ds":"string 🍷,\"4"},{"el":"arr-24","j":"a-1","d1":0.9788584,"d2":1.45,"ds":"string 🍷,\"2"},{"el":"arr-24","j":"a-2","d1":0.181927,"ds":"string 🍷,\"2"},{"el":"arr-24","j":"a-3","d1":0.7064},{"el":"arr-24","j":"a-4","d1":0.15,"d2":1.872789,"ds":"string 🍷,\"3","di":16},{"el":"arr-24","j":"a-5","d1":0.9,"d2":1.35,"di":69},{"el":"arr-24","j":"a-6","d1":0.308616},{"el":"arr-24","j":"a-7","d1":1.0,"ds":"string 🍷,\"0","di":17},{"el":"arr-24","j":"a-8","d1":0.2086},{"el":"arr-24","j":"a-9","d1":0.9},{"el":"arr-24","j":"a-10","d1":0.8,"d2":1.0},{"el":"arr-25","j":"a-1","d1":0.71},{"el":"arr-25","j":"a-2","d1":0.518882},{"el":"arr-25","j":"a-3","d1":0.7,"de":"10","ds":"string 🍷,\"5"},{"el":"arr-25","j":"a-4","d1":0.3,"d2":1.76532,"de":"2","ds":"string 🍷,\"2"},{"el":"arr-25","j":"a-5","d1":0.23,"ds":"string 🍷,\"3"},{"el":"arr-25","j":"a-6","d1":0.50447},{"el":"arr-25","j":"a-7","d1":0.9984,"di":31},{"el":"arr-25","j":"a-8","d1":0.60126,"de":"5","di":32},{"el":"arr-25","j":"a-9","d1":0.6},{"el":"arr-25","j":"a-10","d1":0.708689},{"el":"arr-26","j":"a-1","d1":0.629,"de":"6","di":47},{"el":"arr-26","j":"a-2","d1":0.32,"di":49},{"el":"arr-26","j":"a-3","d1":0.9123,"d2":1.2},{"el":"arr-26","j":"a-4","d1":0.2803,"de":"7","di":59},{"el":"arr-26","j":"a-5","d1":0.5045,"de":"7","di":41},{"el":"arr-26","j":"a-6","d1":0.44088,"de":"5","ds":"string 🍷,\"7"},{"el":"arr-26","j":"a-7","d1":0.13,"di":97},{"el":"arr-26","j":"a-8","d1":0.607136,"ds":"string 🍷,\"4"},{"el":"arr-26","j":"a-9","d1":0.4419,"ds":"string 🍷,\"5","di":3},{"el":"arr-26","j":"a-10","d1":0.8},{"el":"arr-27","j":"a-1","ds":"string 🍷,\"6"},{"el":"arr-27","j":"a-2","d1":0.58467,"ds":"string 🍷,\"2","di":92},{"el":"arr-27","j":"a-3","d1":0.6429},{"el":"arr-27","j":"a-4","d1":0.15346},{"el":"arr-27","j":"a-5","d1":0.232351,"di":57},{"el":"arr-27","j":"a-6","d1":0.69303},{"el":"arr-27","j":"a-7","d1":0.585,"d2":1.696,"ds":"string 🍷,\"5"},{"el":"arr-27","j":"a-8","d1":0.91,"de":"8","ds":"string 🍷,\"2"},{"el":"arr-27","j":"a-9","d1":0.735374,"d2":1.1},{"el":"arr-27","j":"a-10","d1":1.0,"d2":1.431,"de":"3"},{"el":"arr-28","j":"a-1","d1":0.457551,"d2":1.47832,"di":78},{"el":"arr-28","j":"a-2","d1":0.905,"de":"8","ds":"string 🍷,\"1"},{"el":"arr-28","j":"a-3","d1":0.56629},{"el":"arr-28","j":"a-4","d1":0.5868},{"el":"arr-28","j":"a-5","d1":1.0,"de":"3"},{"el":"arr-28","j":"a-6","d1":0.54,"di":96},{"el":"arr-28","j":"a-7","d1":0.8128,"di":72},{"el":"arr-28","j":"a-8","d1":0.0825,"di":67},{"el":"arr-28","j":"a-9","d1":0.6006},{"el":"arr-28","j":"a-10","d1":0.06},{"el":"arr-29","j":"a-1","d1":0.485438,"ds":"string 🍷,\"6","di":45},{"el":"arr-29","j":"a-2","d1":0.3,"d2":1.351,"ds":"string 🍷,\"4"},{"el":"arr-29","j":"a-3","d1":0.5027,"di":12},{"el":"arr-29","j":"a-4","d1":0.30923},{"el":"arr-29","j":"a-5","d1":0.54,"d2":1.2208},{"el":"arr-29","j":"a-6","d1":0.481,"ds":"string 🍷,\"5"},{"el":"arr-29","j":"a-7","d1":0.46,"d2":1.9,"di":65},{"el":"arr-29","j":"a-8","d1":0.2,"de":"8","di":48},{"el":"arr-29","j":"a-9","d1":0.2408,"di":52},{"el":"arr-29","j":"a-10","d1":0.73},{"el":"arr-30","j":"a-1","d1":0.9,"de":"3"},{"el":"arr-30","j":"a-2","d1":0.98},{"el":"arr-30","j":"a-3","d1":0.6263,"ds":"string 🍷,\"3"},{"el":"arr-30","j":"a-4","d1":0.86,"di":26},{"el":"arr-30","j":"a-5","d1":0.4786401,"d2":1.1646681},{"el":"arr-30","j":"a-6","d1":0.9},{"el":"arr-30","j":"a-7","d1":0.635,"d2":1.624},{"el":"arr-30","j":"a-8","d1":0.92658,"d2":1.6533,"de":"10"},{"el":"arr-30","j":"a-9","d1":0.623203,"de":"2","di":52},{"el":"arr-30","j":"a-10","d1":0.56},{"el":"arr-31","j":"a-2","de":"2"},{"el":"arr-31","j":"a-3","d1":0.9397,"d2":1.89},{"el":"arr-31","j":"a-4","d1":0.3,"de":"8","di":18},{"el":"arr-31","j":"a-5","d1":0.92},{"el":"arr-31","j":"a-6","d1":0.7885407,"ds":"string 🍷,\"2"},{"el":"arr-31","j":"a-7","d1":0.73,"d2":1.88},{"el":"arr-31","j":"a-8","d1":0.74962,"ds":"string 🍷,\"6"},{"el":"arr-31","j":"a-9","d1":0.0172},{"el":"arr-31","j":"a-10","d1":0.541618,"di":37},{"el":"arr-32","j":"a-1","d1":0.915},{"el":"arr-32","j":"a-2","d1":0.19,"ds":"string 🍷,\"3"},{"el":"arr-32","j":"a-3","d1":0.1,"d2":1.177855,"ds":"string 🍷,\"2"},{"el":"arr-32","j":"a-4","d1":0.5074,"ds":"string 🍷,\"1","di":58},{"el":"arr-32","j":"a-5","d1":0.9984,"de":"2","ds":"string 🍷,\"3","di":56},{"el":"arr-32","j":"a-6","d1":1.0},{"el":"arr-32","j":"a-7","d1":0.9742,"de":"3","di":92},{"el":"arr-32","j":"a-8","d1":0.56906,"d2":1.7,"de":"9"},{"el":"arr-32","j":"a-9","d1":1.0,"ds":"string 🍷,\"6"},{"el":"arr-32","j":"a-10","d1":0.368119,"d2":1.576095,"ds":"string 🍷,\"5"},{"el":"arr-33","j":"a-1","d1":0.2,"de":"7"},{"el":"arr-33","j":"a-2","d1":0.9691718,"d2":1.447},{"el":"arr-33","j":"a-3","d1":0.7},{"el":"arr-33","j":"a-4","d1":0.2069434,"de":"4","ds":"string 🍷,\"2","di":73},{"el":"arr-33","j":"a-5","d1":1.0},{"el":"arr-33","j":"a-6","d1":0.769324,"di":51},{"el":"arr-33","j":"a-7","d1":0.6},{"el":"arr-33","j":"a-8","d1":0.7,"ds":"string 🍷,\"6"},{"el":"arr-33","j":"a-9","d1":0.5042447,"d2":1.279578,"de":"1"},{"el":"arr-33","j":"a-10","d1":0.4,"d2":1.0},{"el":"arr-34","j":"a-1","d1":0.52},{"el":"arr-34","j":"a-2","d1":0.42829,"di":48},{"el":"arr-34","j":"a-3","d1":1.0,"d2":1.0},{"el":"arr-34","j":"a-4","d1":0.596461,"d2":1.0},{"el":"arr-34","j":"a-5","d1":0.52327},{"el":"arr-34","j":"a-6","d1":0.9},{"el":"arr-34","j":"a-7","d1":0.05241,"de":"4","ds":"string 🍷,\"2"},{"el":"arr-34","j":"a-8","d1":0.1173},{"el":"arr-34","j":"a-10","d1":0.61,"ds":"string 🍷,\"0"},{"el":"arr-35","j":"a-1","d1":0.4414586},{"el":"arr-35","j":"a-2","d1":0.88,"di":42},{"el":"arr-35","j":"a-3","d1":0.655},{"el":"arr-35","j":"a-4","d1":0.265},{"el":"arr-35","j":"a-5","d1":0.1997,"d2":1.45},{"el":"arr-35","j":"a-6","d1":0.91,"d2":1.8,"ds":"string 🍷,\"5"},{"el":"arr-35","j":"a-7","d1":0.75765,"di":77},{"el":"arr-35","j":"a-8","d1":0.4428,"de":"9","di":27},{"el":"arr-35","j":"a-9","d1":0.5,"d2":1.79,"ds":"string 🍷,\"0"},{"el":"arr-35","j":"a-10","de":"5"},{"el":"arr-36","j":"a-1","d1":0.6},{"el":"arr-36","j":"a-2","d1":0.22,"de":"8","ds":"string 🍷,\"5","di":52},{"el":"arr-36","j":"a-3","d1":0.4011},{"el":"arr-36","j":"a-4","d2":1.44128,"di":97},{"el":"arr-36","j":"a-5","d1":0.835},{"el":"arr-36","j":"a-6","d1":0.6,"ds":"string 🍷,\"1"},{"el":"arr-36","j":"a-7","d1":0.259},{"el":"arr-36","j":"a-8","d1":0.9624,"di":8},{"el":"arr-36","j":"a-9","d1":0.597505},{"el":"arr-37","j":"a-1","d1":0.8},{"el":"arr-37","j":"a-2","d1":0.5,"de":"3"},{"el":"arr-37","j":"a-3","d1":0.602},{"el":"arr-37","j":"a-4","d1":0.97,"ds":"string 🍷,\"2"},{"el":"arr-37","j":"a-5","d1":0.1925,"ds":"string 🍷,\"6","di":19},{"el":"arr-37","j":"a-6","d1":0.4,"d2":1.7,"ds":"string 🍷,\"7"},{"el":"arr-37","j":"a-7","d1":0.16,"ds":"string 🍷,\"7"},{"el":"arr-37","j":"a-8","d1":0.47,"ds":"string 🍷,\"6"},{"el":"arr-37","j":"a-9","d1":0.46467,"d2":2.0,"de":"9","di":91},{"el":"arr-37","j":"a-10","d1":0.17864},{"el":"arr-38","j":"a-1","d1":0.17418,"d2":1.994,"ds":"string 🍷,\"5"},{"el":"arr-38","j":"a-2","d1":0.7023416,"de":"3"},{"el":"arr-38","j":"a-3","d1":0.0489037,"d2":1.75,"de":"8","di":63},{"el":"arr-38","j":"a-4","d1":0.6816321},{"el":"arr-38","j":"a-5","d1":0.19272},{"el":"arr-38","j":"a-6","d1":0.67,"d2":1.86},{"el":"arr-38","j":"a-7","d1":0.5546449,"di":8},{"el":"arr-38","j":"a-8","d1":0.54398},{"el":"arr-38","j":"a-9","d1":0.37},{"el":"arr-38","j":"a-10","d1":0.8,"de":"7"},{"el":"arr-39","j":"a-1","d1":0.60173,"d2":1.2630000000000002,"de":"10","ds":"string 🍷,\"1"},{"el":"arr-39","j":"a-2","d1":0.1,"di":62},{"el":"arr-39","j":"a-3","d1":0.438},{"el":"arr-39","j":"a-4","d1":0.2},{"el":"arr-39","j":"a-5","d1":0.9},{"el":"arr-39","j":"a-6","d1":0.705143,"ds":"string 🍷,\"5"},{"el":"arr-39","j":"a-7","d1":0.9,"d2":1.6353791,"di":90},{"el":"arr-39","j":"a-8","d1":0.63418},{"el":"arr-39","j":"a-9","d2":1.4,"de":"8"},{"el":"arr-39","j":"a-10","d1":0.42568,"d2":1.9,"di":30},{"el":"arr-40","j":"a-1","d1":0.1,"de":"4","ds":"string 🍷,\"2","di":97},{"el":"arr-40","j":"a-2","d1":0.02,"d2":1.86891,"di":38},{"el":"arr-40","j":"a-3","d1":0.009782,"de":"3"},{"el":"arr-40","j":"a-4","d1":0.277401,"d2":1.9,"de":"1"},{"el":"arr-40","j":"a-5","d1":0.2259831,"di":10},{"el":"arr-40","j":"a-6","d1":0.6,"ds":"string 🍷,\"4"},{"el":"arr-40","j":"a-7","d1":1.0,"di":6},{"el":"arr-40","j":"a-8","d1":0.724},{"el":"arr-40","j":"a-9","d1":0.67852},{"el":"arr-40","j":"a-10","d1":0.48},{"el":"arr-41","j":"a-1","d1":0.184,"d2":1.7,"ds":"string 🍷,\"1"},{"el":"arr-41","j":"a-2","d1":0.444},{"el":"arr-41","j":"a-3","d1":0.4551,"de":"3"},{"el":"arr-41","j":"a-4","d1":0.105,"de":"6"},{"el":"arr-41","j":"a-5","d1":0.02,"d2":1.368},{"el":"arr-41","j":"a-6","d1":0.803},{"el":"arr-41","j":"a-7","d1":0.75,"ds":"string 🍷,\"1"},{"el":"arr-41","j":"a-8","d1":0.935027,"de":"4"},{"el":"arr-41","j":"a-9","d1":0.211205,"d2":1.79286},{"el":"arr-41","j":"a-10","d1":0.033758},{"el":"arr-42","j":"a-1","d1":0.44902},{"el":"arr-42","j":"a-2","de":"3","ds":"string 🍷,\"3"},{"el":"arr-42","j":"a-3","d1":0.042},{"el":"arr-42","j":"a-4","d1":0.1781,"ds":"string 🍷,\"3"},{"el":"arr-42","j":"a-5","d1":0.71679,"de":"3"},{"el":"arr-42","j":"a-6","d1":0.4308462},{"el":"arr-42","j":"a-7","d1":0.4991},{"el":"arr-42","j":"a-8","d1":0.414849},{"el":"arr-42","j":"a-9","d1":0.037666,"d2":1.781},{"el":"arr-42","j":"a-10","d1":0.196},{"el":"arr-43","j":"a-1","d1":0.27},{"el":"arr-43","j":"a-2","d1":0.8061},{"el":"arr-43","j":"a-3","d1":0.2,"de":"7","di":88},{"el":"arr-43","j":"a-4","d1":0.5184,"d2":1.9821,"di":45},{"el":"arr-43","j":"a-5","d2":1.8},{"el":"arr-43","j":"a-6","d1":0.7008,"di":16},{"el":"arr-43","j":"a-7","d1":0.4707,"d2":1.9444394,"de":"2","ds":"string 🍷,\"4","di":25},{"el":"arr-43","j":"a-8","d1":0.199,"d2":1.9964,"de":"2"},{"el":"arr-43","j":"a-9","d1":0.6666968},{"el":"arr-43","j":"a-10","d1":0.78,"d2":1.2,"ds":"string 🍷,\"1","di":57},{"el":"arr-44","j":"a-1","d1":0.392,"ds":"string 🍷,\"7","di":96},{"el":"arr-44","j":"a-2","d1":0.38488},{"el":"arr-44","j":"a-3","d1":0.596489},{"el":"arr-44","j":"a-4","d1":0.540532},{"el":"arr-44","j":"a-5","d1":0.871848,"de":"5","ds":"string 🍷,\"2"},{"el":"arr-44","j":"a-6","d1":0.6971},{"el":"arr-44","j":"a-7","di":7},{"el":"arr-44","j":"a-8","d1":0.27,"de":"8","ds":"string 🍷,\"7"},{"el":"arr-44","j":"a-9","d1":0.597,"de":"6"},{"el":"arr-44","j":"a-10","d1":0.311},{"el":"arr-45","j":"a-1","d1":0.789123},{"el":"arr-45","j":"a-2","d1":0.277,"ds":"string 🍷,\"1"},{"el":"arr-45","j":"a-3","d1":0.6,"di":42},{"el":"arr-45","j":"a-4","d1":0.312682,"d2":1.2,"ds":"string 🍷,\"3"},{"el":"arr-45","j":"a-5","d1":0.7746},{"el":"arr-45","j":"a-6","d1":0.69651},{"el":"arr-45","j":"a-7","d1":1.0,"d2":1.1742200000000003,"ds":"string 🍷,\"4"},{"el":"arr-45","j":"a-8","de":"1"},{"el":"arr-45","j":"a-9","d1":0.2,"ds":"string 🍷,\"5"},{"el":"arr-45","j":"a-10","d1":0.875,"d2":1.895774},{"el":"arr-46","j":"a-1","d1":0.3594,"de":"5"},{"el":"arr-46","j":"a-2","d1":0.31552,"d2":1.43052},{"el":"arr-46","j":"a-3","d1":0.917956,"ds":"string 🍷,\"2"},{"el":"arr-46","j":"a-4","d1":0.12},{"el":"arr-46","j":"a-5","d1":0.94,"ds":"string 🍷,\"6"},{"el":"arr-46","j":"a-6","d1":1.0,"d2":1.0,"ds":"string 🍷,\"6","di":54},{"el":"arr-46","j":"a-7","di":58},{"el":"arr-46","j":"a-8","d1":0.142},{"el":"arr-46","j":"a-9","d1":0.30634,"de":"10","ds":"string 🍷,\"5","di":18},{"el":"arr-46","j":"a-10","d1":0.1389},{"el":"arr-47","j":"a-1","d1":0.142,"d2":1.595,"ds":"string 🍷,\"1"},{"el":"arr-47","j":"a-2","d1":0.8507,"de":"3"},{"el":"arr-47","j":"a-3","d1":0.7246,"ds":"string 🍷,\"1","di":4},{"el":"arr-47","j":"a-4","d1":0.1,"ds":"string 🍷,\"6","di":41},{"el":"arr-47","j":"a-5","d1":0.658713,"d2":1.3614545999999999,"ds":"string 🍷,\"5"},{"el":"arr-47","j":"a-6","d1":0.78,"d2":1.5,"di":34},{"el":"arr-47","j":"a-7","d1":0.1624},{"el":"arr-47","j":"a-8","d1":0.6,"ds":"string 🍷,\"0"},{"el":"arr-47","j":"a-9","d1":0.28064,"de":"2","di":39},{"el":"arr-47","j":"a-10","d1":0.2915215,"d2":1.7719100000000004},{"el":"arr-48","j":"a-1","d1":0.7009},{"el":"arr-48","j":"a-2","d1":0.2,"d2":1.07},{"el":"arr-48","j":"a-3","d1":0.5,"de":"2","ds":"string 🍷,\"5","di":23},{"el":"arr-48","j":"a-4","d1":0.4666,"de":"9"},{"el":"arr-48","j":"a-5","d1":0.51703,"d2":1.2457,"ds":"string 🍷,\"7"},{"el":"arr-48","j":"a-6","d1":0.0979483},{"el":"arr-48","j":"a-7","d1":0.04517,"de":"5","ds":"string 🍷,\"7"},{"el":"arr-48","j":"a-8","d1":0.8856,"de":"9","ds":"string 🍷,\"2"},{"el":"arr-48","j":"a-9","d1":0.9},{"el":"arr-48","j":"a-10","d1":0.3292,"ds":"string 🍷,\"5"},{"el":"arr-49","j":"a-1","d1":0.10636,"de":"5"},{"el":"arr-49","j":"a-2","d1":0.513,"ds":"string 🍷,\"4","di":82},{"el":"arr-49","j":"a-3","d1":0.5160511},{"el":"arr-49","j":"a-4","d1":0.73,"ds":"string 🍷,\"5"},{"el":"arr-49","j":"a-5","d1":0.286,"ds":"string 🍷,\"2"},{"el":"arr-49","j":"a-6","d1":0.264517,"de":"5"},{"el":"arr-49","j":"a-7","d1":0.3388,"ds":"string 🍷,\"1"},{"el":"arr-49","j":"a-8","d1":0.716,"ds":"string 🍷,\"2"},{"el":"arr-49","j":"a-9","d1":0.8},{"el":"arr-49","j":"a-10","d1":0.22123,"ds":"string 🍷,\"6","di":55},{"el":"arr-50","j":"a-1","d1":0.6359,"de":"4"},{"el":"arr-50","j":"a-2","d1":0.3},{"el":"arr-50","j":"a-3","d1":0.828,"d2":1.41},{"el":"arr-50","j":"a-4","d1":0.5774,"d2":1.4885},{"el":"arr-50","j":"a-5","d1":0.833685,"ds":"string 🍷,\"2"},{"el":"arr-50","j":"a-6","d1":0.5},{"el":"arr-50","j":"a-7","de":"2"},{"el":"arr-50","j":"a-8","d1":0.427},{"el":"arr-50","j":"a-9","d1":0.2,"de":"10","ds":"string 🍷,\"1"},{"el":"arr-50","j":"a-10","d1":0.6832681,"de":"10"},{"el":"arr-51","j":"a-1","d1":0.86,"di":13},{"el":"arr-51","j":"a-2","d1":0.67,"d2":1.4},{"el":"arr-51","j":"a-3","d1":0.11,"di":24},{"el":"arr-51","j":"a-4","d1":0.87232,"d2":1.0,"ds":"string 🍷,\"5"},{"el":"arr-51","j":"a-5","d1":0.975},{"el":"arr-51","j":"a-6","d1":0.076},{"el":"arr-51","j":"a-7","d1":0.6013,"d2":1.14},{"el":"arr-51","j":"a-8","d1":1.0,"ds":"string 🍷,\"3"},{"el":"arr-51","j":"a-9","d1":0.17,"d2":1.0,"de":"1","ds":"string 🍷,\"5","di":38},{"el":"arr-51","j":"a-10","d1":0.22,"di":36},{"el":"arr-52","j":"a-1","d1":0.5157,"di":67},{"el":"arr-52","j":"a-2","d1":0.2083,"d2":1.614506,"ds":"string 🍷,\"6"},{"el":"arr-52","j":"a-3","d1":0.40436,"ds":"string 🍷,\"3"},{"el":"arr-52","j":"a-4","d1":0.6},{"el":"arr-52","j":"a-5","d1":0.1,"de":"7"},{"el":"arr-52","j":"a-6","d1":0.7183539,"d2":1.68381},{"el":"arr-52","j":"a-7","d1":0.67,"de":"8"},{"el":"arr-52","j":"a-8","d1":0.9653681,"de":"6","di":91},{"el":"arr-52","j":"a-9","d1":0.79094,"de":"4"},{"el":"arr-52","j":"a-10","d1":0.25599},{"el":"arr-53","j":"a-1","d1":0.0439,"d2":1.74033,"de":"8","di":56},{"el":"arr-53","j":"a-2","d1":0.251963},{"el":"arr-53","j":"a-3","d1":0.7776223},{"el":"arr-53","j":"a-4","d2":1.5,"ds":"string 🍷,\"1"},{"el":"arr-53","j":"a-5","d1":0.033,"d2":1.06,"de":"9"},{"el":"arr-53","j":"a-6","d1":0.0878},{"el":"arr-53","j":"a-7","d1":0.676,"d2":2.0},{"el":"arr-53","j":"a-8","d1":0.3695,"de":"9"},{"el":"arr-53","j":"a-9","d1":0.9115845,"di":39},{"el":"arr-53","j":"a-10","d1":0.58624,"de":"9","ds":"string 🍷,\"5","di":12},{"el":"arr-54","j":"a-1","d1":0.05},{"el":"arr-54","j":"a-2","d1":0.7003587,"de":"6"},{"el":"arr-54","j":"a-3","d1":0.592524},{"el":"arr-54","j":"a-4","d1":0.12064},{"el":"arr-54","j":"a-5","d1":0.008,"de":"3","ds":"string 🍷,\"2"},{"el":"arr-54","j":"a-6","d1":0.2,"di":95},{"el":"arr-54","j":"a-7","d1":0.1687,"ds":"string 🍷,\"0"},{"el":"arr-54","j":"a-8","d1":0.676,"ds":"string 🍷,\"7"},{"el":"arr-54","j":"a-9","d1":0.2359,"de":"5","ds":"string 🍷,\"6"},{"el":"arr-54","j":"a-10","d1":0.538999},{"el":"arr-55","j":"a-1","d1":0.823},{"el":"arr-55","j":"a-2","d1":1.0,"de":"9"},{"el":"arr-55","j":"a-3","d1":0.2633},{"el":"arr-55","j":"a-4","d1":0.2,"de":"8","di":43},{"el":"arr-55","j":"a-5","d1":0.0723,"di":21},{"el":"arr-55","j":"a-6","d1":0.571215},{"el":"arr-55","j":"a-7","d1":0.12061,"de":"2","ds":"string 🍷,\"4"},{"el":"arr-55","j":"a-8","d1":0.8,"d2":1.53394,"di":49},{"el":"arr-55","j":"a-9","d1":0.7,"de":"7","ds":"string 🍷,\"6"},{"el":"arr-55","j":"a-10","d1":0.936067},{"el":"arr-56","j":"a-1","d1":0.3},{"el":"arr-56","j":"a-2","d1":0.6867,"d2":1.27394},{"el":"arr-56","j":"a-3","d1":0.879158},{"el":"arr-56","j":"a-4","d1":0.383985,"di":53},{"el":"arr-56","j":"a-5","d1":0.06,"de":"9","ds":"string 🍷,\"5"},{"el":"arr-56","j":"a-6","d1":0.709,"de":"9"},{"el":"arr-56","j":"a-7","d1":0.994},{"el":"arr-56","j":"a-8","d1":0.43,"d2":1.06931},{"el":"arr-56","j":"a-9","d1":0.47964,"de":"5","di":40},{"el":"arr-56","j":"a-10","d1":0.91,"de":"7"},{"el":"arr-57","j":"a-1","d1":0.87556},{"el":"arr-57","j":"a-2","d1":0.305295},{"el":"arr-57","j":"a-3","d1":0.42319,"d2":1.28989},{"el":"arr-57","j":"a-4","d1":0.567396,"d2":1.052376},{"el":"arr-57","j":"a-5","d1":0.0015143,"de":"7"},{"el":"arr-57","j":"a-6","d1":0.155,"di":20},{"el":"arr-57","j":"a-7","d1":0.37,"de":"6"},{"el":"arr-57","j":"a-8","d1":0.681,"d2":1.9797,"de":"6"},{"el":"arr-57","j":"a-9","d1":0.18},{"el":"arr-57","j":"a-10","d1":0.54637,"de":"2"},{"el":"arr-58","j":"a-1","d1":0.406903},{"el":"arr-58","j":"a-2","d1":1.0,"de":"7"},{"el":"arr-58","j":"a-3","d1":0.2094414,"de":"6"},{"el":"arr-58","j":"a-4","d1":0.58,"d2":1.1},{"el":"arr-58","j":"a-5","d1":0.5,"d2":2.0},{"el":"arr-58","j":"a-6","d1":0.585123},{"el":"arr-58","j":"a-7","d1":0.6359732,"di":74},{"el":"arr-58","j":"a-8","d1":0.31},{"el":"arr-58","j":"a-9","d1":0.508},{"el":"arr-58","j":"a-10","d1":0.28,"di":16},{"el":"arr-59","j":"a-1","d1":0.192303,"ds":"string 🍷,\"5"},{"el":"arr-59","j":"a-2","d1":0.0041},{"el":"arr-59","j":"a-3","d1":0.8837},{"el":"arr-59","j":"a-4","d1":0.1},{"el":"arr-59","j":"a-5","d1":1.0},{"el":"arr-59","j":"a-6","d1":0.112,"d2":1.14},{"el":"arr-59","j":"a-7","d1":0.62,"ds":"string 🍷,\"0"},{"el":"arr-59","j":"a-8","d1":0.663494,"de":"9","ds":"string 🍷,\"5"},{"el":"arr-59","j":"a-9","d1":0.918122,"d2":1.3405,"de":"5"},{"el":"arr-59","j":"a-10","d1":0.226,"de":"7"},{"el":"arr-60","j":"a-1","d1":0.0122809},{"el":"arr-60","j":"a-2","d1":0.252194,"d2":1.3},{"el":"arr-60","j":"a-3","d1":0.386},{"el":"arr-60","j":"a-4","d1":1.0,"d2":1.8425,"ds":"string 🍷,\"6"},{"el":"arr-60","j":"a-5","d1":0.9,"d2":1.3616},{"el":"arr-60","j":"a-6","d1":0.36198,"de":"5"},{"el":"arr-60","j":"a-7","d1":0.575},{"el":"arr-60","j":"a-8","d1":0.24,"de":"7","ds":"string 🍷,\"3"},{"el":"arr-60","j":"a-9","d1":0.609163,"de":"8"},{"el":"arr-60","j":"a-10","d1":0.718799,"de":"5","ds":"string 🍷,\"6"},{"el":"arr-61","j":"a-1","d1":0.853071,"de":"9"},{"el":"arr-61","j":"a-2","d1":0.29001,"de":"9","ds":"string 🍷,\"3"},{"el":"arr-61","j":"a-3","d1":0.5884,"d2":1.60677,"de":"1"},{"el":"arr-61","j":"a-4","d1":0.964167},{"el":"arr-61","j":"a-5","d1":0.5572631},{"el":"arr-61","j":"a-6","d1":0.64,"d2":1.12},{"el":"arr-61","j":"a-7","d1":0.9471,"di":76},{"el":"arr-61","j":"a-8","d1":0.02,"ds":"string 🍷,\"3","di":93},{"el":"arr-61","j":"a-9","d1":0.404128,"de":"7","di":32},{"el":"arr-61","j":"a-10","d1":0.9657837,"di":2},{"el":"arr-62","j":"a-1","d1":0.791,"di":99},{"el":"arr-62","j":"a-2","d1":0.638784},{"el":"arr-62","j":"a-3","d1":0.24,"d2":1.11},{"el":"arr-62","j":"a-4","d1":0.23449,"d2":1.94958},{"el":"arr-62","j":"a-5","d1":0.915021,"ds":"string 🍷,\"5"},{"el":"arr-62","j":"a-6","d1":0.74,"de":"6","ds":"string 🍷,\"5"},{"el":"arr-62","j":"a-7","d1":0.351637},{"el":"arr-62","j":"a-8","d1":0.799,"d2":1.9},{"el":"arr-62","j":"a-9","d1":0.95},{"el":"arr-62","j":"a-10","d1":0.414},{"el":"arr-63","j":"a-1","d1":0.00535,"d2":1.4052,"de":"7","ds":"string 🍷,\"1","di":28},{"el":"arr-63","j":"a-2","d1":0.687798,"ds":"string 🍷,\"1","di":4},{"el":"arr-63","j":"a-3","d1":0.76483,"de":"9","ds":"string 🍷,\"2"},{"el":"arr-63","j":"a-4","d1":0.0569998,"de":"3","ds":"string 🍷,\"5","di":78},{"el":"arr-63","j":"a-5","d1":0.37,"de":"5","di":58},{"el":"arr-63","j":"a-6","d1":0.7286684,"di":95},{"el":"arr-63","j":"a-7","d1":0.1,"de":"2"},{"el":"arr-63","j":"a-8","d1":0.5,"d2":1.261},{"el":"arr-63","j":"a-9","d1":0.35,"d2":1.005229,"de":"2"},{"el":"arr-63","j":"a-10","d1":0.06,"ds":"string 🍷,\"6"},{"el":"arr-64","j":"a-1","d1":0.386207},{"el":"arr-64","j":"a-2","d1":0.6460191},{"el":"arr-64","j":"a-3","d1":0.329557,"di":44},{"el":"arr-64","j":"a-4","d1":0.7067,"d2":1.2818973,"ds":"string 🍷,\"6"},{"el":"arr-64","j":"a-5","d1":0.31818},{"el":"arr-64","j":"a-6","d1":0.6675},{"el":"arr-64","j":"a-7","d1":0.57245},{"el":"arr-64","j":"a-8","d1":1.0,"ds":"string 🍷,\"1","di":3},{"el":"arr-64","j":"a-9","d1":0.716,"de":"2"},{"el":"arr-64","j":"a-10","d1":0.0738,"de":"3"},{"el":"arr-65","j":"a-1","d1":0.89002,"de":"3","di":21},{"el":"arr-65","j":"a-2","d1":0.6},{"el":"arr-65","j":"a-3","d1":0.04,"di":29},{"el":"arr-65","j":"a-4","d1":0.2538,"d2":1.647056},{"el":"arr-65","j":"a-5","d1":0.9,"d2":1.8,"de":"6"},{"el":"arr-65","j":"a-6","d1":0.38,"d2":1.558,"di":78},{"el":"arr-65","j":"a-7","d1":0.411,"ds":"string 🍷,\"6","di":18},{"el":"arr-65","j":"a-8","d1":0.38,"d2":1.012658},{"el":"arr-65","j":"a-9","d1":0.6145,"d2":1.20246,"de":"10"},{"el":"arr-65","j":"a-10","d1":0.037,"di":52},{"el":"arr-66","j":"a-1","d1":0.96},{"el":"arr-66","j":"a-2","d1":0.86612,"de":"5"},{"el":"arr-66","j":"a-3","d1":0.68606,"de":"8"},{"el":"arr-66","j":"a-4","d1":0.17,"d2":1.81953,"di":31},{"el":"arr-66","j":"a-5","d1":0.853},{"el":"arr-66","j":"a-6","d1":0.769,"ds":"string 🍷,\"4"},{"el":"arr-66","j":"a-7","d1":0.39,"de":"6"},{"el":"arr-66","j":"a-8","d1":0.683255,"ds":"string 🍷,\"4"},{"el":"arr-66","j":"a-9","d1":0.166,"de":"1","ds":"string 🍷,\"4"},{"el":"arr-66","j":"a-10","d1":0.937087},{"el":"arr-67","j":"a-1","d1":0.049},{"el":"arr-67","j":"a-2","d1":1.0,"de":"1","ds":"string 🍷,\"4"},{"el":"arr-67","j":"a-3","d1":0.6612,"ds":"string 🍷,\"7"},{"el":"arr-67","j":"a-4","d1":0.0888,"d2":1.3,"ds":"string 🍷,\"2"},{"el":"arr-67","j":"a-5","d1":1.0,"d2":1.47,"ds":"string 🍷,\"2"},{"el":"arr-67","j":"a-6","d1":0.32},{"el":"arr-67","j":"a-8","ds":"string 🍷,\"4"},{"el":"arr-67","j":"a-9","d1":0.12},{"el":"arr-67","j":"a-10","d1":0.26,"di":81},{"el":"arr-68","j":"a-1","d1":0.899735},{"el":"arr-68","j":"a-2","d1":0.724,"de":"9"},{"el":"arr-68","j":"a-3","d1":0.4027787,"d2":1.633947,"ds":"string 🍷,\"4"},{"el":"arr-68","j":"a-4","d1":0.74,"d2":1.50855,"de":"2"},{"el":"arr-68","j":"a-5","d1":0.1,"d2":1.8300000000000004},{"el":"arr-68","j":"a-6","d1":0.4},{"el":"arr-68","j":"a-7","d1":0.58664,"d2":1.0,"ds":"string 🍷,\"6","di":51},{"el":"arr-68","j":"a-8","d1":0.15},{"el":"arr-68","j":"a-9","d1":0.32946},{"el":"arr-68","j":"a-10","d1":0.864,"d2":1.387986,"ds":"string 🍷,\"0","di":38},{"el":"arr-69","j":"a-1","d1":1.0,"de":"6","ds":"string 🍷,\"7"},{"el":"arr-69","j":"a-2","d1":0.50147,"d2":1.469,"de":"4"},{"el":"arr-69","j":"a-3","d1":0.66,"di":60},{"el":"arr-69","j":"a-4","d1":0.8052856,"ds":"string 🍷,\"6"},{"el":"arr-69","j":"a-5","d1":0.8445,"d2":1.203429,"ds":"string 🍷,\"1"},{"el":"arr-69","j":"a-6","d1":0.8895323,"d2":1.7846},{"el":"arr-69","j":"a-7","d1":0.811487},{"el":"arr-69","j":"a-8","d1":0.848,"di":37},{"el":"arr-69","j":"a-9","d1":0.9339,"ds":"string 🍷,\"3"},{"el":"arr-69","j":"a-10","d1":0.00078,"ds":"string 🍷,\"4"},{"el":"arr-70","j":"a-1","d1":0.8,"d2":1.537625},{"el":"arr-70","j":"a-2","d1":0.47,"d2":1.6699999999999998},{"el":"arr-70","j":"a-3","d1":0.537,"di":43},{"el":"arr-70","j":"a-4","d1":0.13},{"el":"arr-70","j":"a-5","d1":0.78},{"el":"arr-70","j":"a-6","d1":0.63,"ds":"string 🍷,\"4"},{"el":"arr-70","j":"a-7","d1":0.68},{"el":"arr-70","j":"a-8","d1":0.9732975,"d2":1.41599},{"el":"arr-70","j":"a-9","d1":0.54872,"di":39},{"el":"arr-71","j":"a-1","d1":0.27136,"de":"2"},{"el":"arr-71","j":"a-2","d1":0.39,"d2":1.8713576,"de":"2"},{"el":"arr-71","j":"a-3","d1":0.5,"ds":"string 🍷,\"7"},{"el":"arr-71","j":"a-4","d1":0.8,"d2":1.8,"di":93},{"el":"arr-71","j":"a-5","d1":0.6,"d2":1.16,"ds":"string 🍷,\"4"},{"el":"arr-71","j":"a-6","d1":0.86,"d2":1.95114},{"el":"arr-71","j":"a-7","d1":0.9392},{"el":"arr-71","j":"a-8","d1":0.93},{"el":"arr-71","j":"a-9","d1":0.19654,"de":"1"},{"el":"arr-71","j":"a-10","d1":0.08},{"el":"arr-72","j":"a-1","d1":0.229,"d2":1.0,"ds":"string 🍷,\"7"},{"el":"arr-72","j":"a-2","d1":0.4230947},{"el":"arr-72","j":"a-3","d1":0.3787,"de":"8"},{"el":"arr-72","j":"a-4","d1":0.537887},{"el":"arr-72","j":"a-5","d1":0.082,"de":"8","ds":"string 🍷,\"4","di":13},{"el":"arr-72","j":"a-6","d1":0.795},{"el":"arr-72","j":"a-7","d1":0.508516,"d2":1.14},{"el":"arr-72","j":"a-8","d1":0.744,"ds":"string 🍷,\"6","di":35},{"el":"arr-72","j":"a-9","d1":0.59,"ds":"string 🍷,\"2","di":21},{"el":"arr-72","j":"a-10","d1":0.305,"ds":"string 🍷,\"3","di":65},{"el":"arr-73","j":"a-1","d1":0.66686,"di":69},{"el":"arr-73","j":"a-2","d1":0.8721,"d2":1.32581,"ds":"string 🍷,\"4"},{"el":"arr-73","j":"a-3","d1":0.41,"de":"6","ds":"string 🍷,\"4"},{"el":"arr-73","j":"a-4","d1":0.013769,"ds":"string 🍷,\"1","di":6},{"el":"arr-73","j":"a-5","d1":0.11503,"d2":1.85,"ds":"string 🍷,\"2"},{"el":"arr-73","j":"a-6","d1":0.36307},{"el":"arr-73","j":"a-7","d2":2.0},{"el":"arr-73","j":"a-8","d1":0.62259,"d2":1.080324,"de":"3","ds":"string 🍷,\"1"},{"el":"arr-73","j":"a-9","d1":0.09747},{"el":"arr-73","j":"a-10","d1":0.198407,"d2":1.4324800000000003,"ds":"string 🍷,\"5"},{"el":"arr-74","j":"a-1","d1":0.457},{"el":"arr-74","j":"a-2","d1":0.9206,"d2":1.96556},{"el":"arr-74","j":"a-3","d1":0.032217,"ds":"string 🍷,\"2"},{"el":"arr-74","j":"a-4","d1":0.3797,"de":"6"},{"el":"arr-74","j":"a-5","d1":0.407608,"d2":1.293,"de":"6"},{"el":"arr-74","j":"a-6","d1":0.063},{"el":"arr-74","j":"a-7","d1":0.62181},{"el":"arr-74","j":"a-8","d1":0.1190923,"de":"6","di":22},{"el":"arr-74","j":"a-9","d1":0.809,"di":45},{"el":"arr-74","j":"a-10","d1":0.966631,"d2":1.0,"de":"7"},{"el":"arr-75","j":"a-1","d1":0.6719,"de":"2"},{"el":"arr-75","j":"a-2","d1":0.58917},{"el":"arr-75","j":"a-3","d1":0.7,"di":84},{"el":"arr-75","j":"a-4","d1":0.7,"d2":1.3653951,"di":44},{"el":"arr-75","j":"a-5","d1":0.44773,"d2":1.84},{"el":"arr-75","j":"a-6","d1":0.1569,"ds":"string 🍷,\"6"},{"el":"arr-75","j":"a-7","d1":0.1},{"el":"arr-75","j":"a-8","d1":0.0161},{"el":"arr-75","j":"a-9","d1":0.64034},{"el":"arr-75","j":"a-10","d1":0.91415,"ds":"string 🍷,\"3","di":67},{"el":"arr-76","j":"a-1","d1":1.0},{"el":"arr-76","j":"a-2","d1":0.01,"ds":"string 🍷,\"6"},{"el":"arr-76","j":"a-3","d1":0.3},{"el":"arr-76","j":"a-5","d1":0.01,"ds":"string 🍷,\"4"},{"el":"arr-76","j":"a-6","d1":0.901},{"el":"arr-76","j":"a-7","d1":0.26,"d2":1.57984,"di":93},{"el":"arr-76","j":"a-8","d1":0.644},{"el":"arr-76","j":"a-9","d1":0.426},{"el":"arr-76","j":"a-10","d1":0.59,"de":"2"},{"el":"arr-77","j":"a-1","d1":1.0,"ds":"string 🍷,\"0"},{"el":"arr-77","j":"a-2","d1":0.2,"d2":1.786},{"el":"arr-77","j":"a-3","d1":0.16},{"el":"arr-77","j":"a-4","d1":0.70824},{"el":"arr-77","j":"a-5","d1":0.504527,"d2":2.0,"de":"2"},{"el":"arr-77","j":"a-6","d1":0.83},{"el":"arr-77","j":"a-7","d1":0.780366,"d2":1.36018,"ds":"string 🍷,\"1"},{"el":"arr-77","j":"a-8","d1":0.996},{"el":"arr-77","j":"a-9","d1":1.0,"d2":1.18827,"ds":"string 🍷,\"0","di":98},{"el":"arr-77","j":"a-10","d1":0.6},{"el":"arr-78","j":"a-1","d1":0.618572,"de":"9"},{"el":"arr-78","j":"a-2","d1":1.0,"de":"5","ds":"string 🍷,\"2"},{"el":"arr-78","j":"a-3","d1":0.154,"d2":1.556225},{"el":"arr-78","j":"a-4","d1":0.04914,"di":35},{"el":"arr-78","j":"a-5","d1":0.8613},{"el":"arr-78","j":"a-6","d1":0.3},{"el":"arr-78","j":"a-7","d1":0.2592},{"el":"arr-78","j":"a-8","d1":0.94},{"el":"arr-78","j":"a-9","d1":0.953133,"d2":1.4},{"el":"arr-78","j":"a-10","d1":0.831},{"el":"arr-79","j":"a-1","d1":0.139,"d2":1.6},{"el":"arr-79","j":"a-2","d1":0.762073},{"el":"arr-79","j":"a-3","d1":1.0},{"el":"arr-79","j":"a-4","d1":0.701079,"d2":1.3,"ds":"string 🍷,\"1"},{"el":"arr-79","j":"a-5","d1":0.672902,"de":"4","di":59},{"el":"arr-79","j":"a-6","d2":2.0,"de":"8","di":82},{"el":"arr-79","j":"a-7","d1":0.13},{"el":"arr-79","j":"a-8","d1":0.516707,"d2":1.0187686,"ds":"string 🍷,\"5"},{"el":"arr-79","j":"a-9","d1":0.07972},{"el":"arr-79","j":"a-10","d1":0.0836393,"d2":1.932976,"de":"5","ds":"string 🍷,\"0"},{"el":"arr-80","j":"a-1","d1":0.8247,"di":17},{"el":"arr-80","j":"a-2","d1":0.134,"de":"8","ds":"string 🍷,\"3"},{"el":"arr-80","j":"a-3","d1":0.33567,"d2":1.05141},{"el":"arr-80","j":"a-4","d1":0.0030567,"d2":1.286},{"el":"arr-80","j":"a-5","d1":0.874,"ds":"string 🍷,\"6"},{"el":"arr-80","j":"a-6","d1":0.98381,"d2":1.254,"di":95},{"el":"arr-80","j":"a-7","d1":0.184,"de":"10"},{"el":"arr-80","j":"a-8","d1":0.23,"d2":1.529601},{"el":"arr-80","j":"a-9","d1":0.584131},{"el":"arr-80","j":"a-10","d1":0.536,"di":18},{"el":"arr-81","j":"a-1","d1":0.02341,"de":"7"},{"el":"arr-81","j":"a-2","d1":0.4,"de":"7"},{"el":"arr-81","j":"a-3","d1":0.33621},{"el":"arr-81","j":"a-4","d1":0.25},{"el":"arr-81","j":"a-5","d1":1.0,"ds":"string 🍷,\"5"},{"el":"arr-81","j":"a-6","d1":0.0515,"d2":1.205073},{"el":"arr-81","j":"a-7","d1":0.4476,"ds":"string 🍷,\"1"},{"el":"arr-81","j":"a-8","d1":0.4},{"el":"arr-81","j":"a-9","d1":0.8686825},{"el":"arr-81","j":"a-10","d1":0.2364,"di":50},{"el":"arr-82","j":"a-1","d1":0.37},{"el":"arr-82","j":"a-2","d1":0.561},{"el":"arr-82","j":"a-3","d1":1.0,"d2":1.7,"ds":"string 🍷,\"1"},{"el":"arr-82","j":"a-4","d1":0.92},{"el":"arr-82","j":"a-5","d1":0.75},{"el":"arr-82","j":"a-6","d1":0.72852},{"el":"arr-82","j":"a-7","d1":0.3037,"de":"8","ds":"string 🍷,\"3"},{"el":"arr-82","j":"a-8","d1":0.991262,"di":81},{"el":"arr-82","j":"a-9","d1":0.8152781},{"el":"arr-82","j":"a-10","d1":0.4,"di":35},{"el":"arr-83","j":"a-1","d1":0.11},{"el":"arr-83","j":"a-2","d1":0.9,"d2":1.414544},{"el":"arr-83","j":"a-3","d1":0.6474,"d2":1.368467},{"el":"arr-83","j":"a-4","d1":0.5614},{"el":"arr-83","j":"a-5","d1":0.603,"de":"6"},{"el":"arr-83","j":"a-6","d1":0.95,"ds":"string 🍷,\"2"},{"el":"arr-83","j":"a-7","d1":0.6214,"d2":1.5},{"el":"arr-83","j":"a-8","di":36},{"el":"arr-83","j":"a-9","d1":0.42,"de":"9"},{"el":"arr-83","j":"a-10","d1":0.891188,"ds":"string 🍷,\"4"},{"el":"arr-84","j":"a-1","d1":0.2184,"d2":1.22},{"el":"arr-84","j":"a-2","d1":0.37505,"ds":"string 🍷,\"0"},{"el":"arr-84","j":"a-3","d1":0.6597876},{"el":"arr-84","j":"a-4","d1":1.0,"d2":1.21,"ds":"string 🍷,\"2"},{"el":"arr-84","j":"a-5","d1":0.05,"ds":"string 🍷,\"6"},{"el":"arr-84","j":"a-6","d1":0.8668945,"d2":1.66421,"di":27},{"el":"arr-84","j":"a-8","d1":0.77488,"ds":"string 🍷,\"2"},{"el":"arr-84","j":"a-9","d1":0.2},{"el":"arr-84","j":"a-10","de":"1","ds":"string 🍷,\"6"},{"el":"arr-85","j":"a-1","ds":"string 🍷,\"2","di":36},{"el":"arr-85","j":"a-2","d1":0.1,"ds":"string 🍷,\"4"},{"el":"arr-85","j":"a-3","d1":0.0974261,"di":69},{"el":"arr-85","j":"a-4","d1":0.74777,"de":"3","ds":"string 🍷,\"1","di":55},{"el":"arr-85","j":"a-5","d1":0.2581,"ds":"string 🍷,\"6"},{"el":"arr-85","j":"a-6","d1":1.0},{"el":"arr-85","j":"a-7","d1":0.0522748,"di":58},{"el":"arr-85","j":"a-8","d1":0.3475,"di":52},{"el":"arr-85","j":"a-9","d1":0.346},{"el":"arr-85","j":"a-10","d1":0.63134,"di":51},{"el":"arr-86","j":"a-1","d1":0.2,"d2":1.32},{"el":"arr-86","j":"a-2","d1":0.7443,"d2":1.274,"ds":"string 🍷,\"5"},{"el":"arr-86","j":"a-3","d1":0.93263,"d2":1.3577},{"el":"arr-86","j":"a-4","d1":0.6,"ds":"string 🍷,\"1","di":35},{"el":"arr-86","j":"a-5","d1":1.0,"di":19},{"el":"arr-86","j":"a-6","d1":0.27},{"el":"arr-86","j":"a-7","d1":0.24,"d2":1.79},{"el":"arr-86","j":"a-8","d1":1.0,"d2":1.93618},{"el":"arr-86","j":"a-9","d1":0.04,"de":"4","ds":"string 🍷,\"6"},{"el":"arr-86","j":"a-10","d1":0.1032604,"d2":1.76},{"el":"arr-87","j":"a-1","d1":0.302,"di":33},{"el":"arr-87","j":"a-2","d1":0.56234,"d2":1.134413,"de":"1"},{"el":"arr-87","j":"a-3","d1":0.9525,"d2":1.91118,"de":"10","ds":"string 🍷,\"4"},{"el":"arr-87","j":"a-4","d1":0.84},{"el":"arr-87","j":"a-5","d1":0.364502,"de":"10","ds":"string 🍷,\"2"},{"el":"arr-87","j":"a-6","d1":0.3732},{"el":"arr-87","j":"a-7","d1":0.0695,"de":"8"},{"el":"arr-87","j":"a-8","d1":0.1615,"d2":1.8434408,"de":"9"},{"el":"arr-87","j":"a-9","d1":0.1428,"di":60},{"el":"arr-87","j":"a-10","d1":0.7897,"ds":"string 🍷,\"2","di":30},{"el":"arr-88","j":"a-1","d1":0.3176,"d2":1.16989},{"el":"arr-88","j":"a-2","d1":0.2,"d2":1.9867},{"el":"arr-88","j":"a-3","d1":0.994},{"el":"arr-88","j":"a-4","d1":0.2333},{"el":"arr-88","j":"a-5","d1":0.3476,"di":45},{"el":"arr-88","j":"a-6","d1":0.8,"di":6},{"el":"arr-88","j":"a-7","d1":0.592,"de":"10"},{"el":"arr-88","j":"a-8","d1":0.90741},{"el":"arr-88","j":"a-9","d1":0.07517,"de":"10"},{"el":"arr-88","j":"a-10","d1":0.432},{"el":"arr-89","j":"a-1","d1":1.0,"d2":1.71605},{"el":"arr-89","j":"a-2","d1":0.5,"ds":"string 🍷,\"4","di":2},{"el":"arr-89","j":"a-3","ds":"string 🍷,\"3"},{"el":"arr-89","j":"a-4","d1":0.171181},{"el":"arr-89","j":"a-5","d1":0.62767,"d2":1.808,"di":46},{"el":"arr-89","j":"a-6","d1":1.0},{"el":"arr-89","j":"a-7","d1":0.829},{"el":"arr-89","j":"a-8","d1":0.7105804},{"el":"arr-89","j":"a-9","d1":0.694666,"de":"8","di":39},{"el":"arr-89","j":"a-10","d1":0.04,"ds":"string 🍷,\"5"},{"el":"arr-90","j":"a-1","d1":0.71,"di":86},{"el":"arr-90","j":"a-2","d1":0.61152,"ds":"string 🍷,\"2","di":63},{"el":"arr-90","j":"a-3","d1":0.1287941},{"el":"arr-90","j":"a-4","d1":0.5356696},{"el":"arr-90","j":"a-7","d1":0.4059,"de":"1","di":80},{"el":"arr-90","j":"a-8","d1":0.0870443,"ds":"string 🍷,\"5","di":99},{"el":"arr-91","j":"a-1","d1":1.0,"de":"7","di":25},{"el":"arr-91","j":"a-2","d1":0.011},{"el":"arr-91","j":"a-3","di":7},{"el":"arr-91","j":"a-4","d1":0.5116871,"d2":1.3},{"el":"arr-91","j":"a-5","d1":0.738449,"d2":2.0,"de":"7"},{"el":"arr-91","j":"a-6","d1":0.93502},{"el":"arr-91","j":"a-7","d2":2.0,"de":"10","ds":"string 🍷,\"2"},{"el":"arr-91","j":"a-8","d1":0.6,"di":44},{"el":"arr-91","j":"a-9","d1":0.58,"d2":1.46,"di":58},{"el":"arr-91","j":"a-10","d1":0.587,"de":"1","ds":"string 🍷,\"3"},{"el":"arr-92","j":"a-1","d1":0.6803016,"d2":1.1675980000000002},{"el":"arr-92","j":"a-2","d1":0.426},{"el":"arr-92","j":"a-3","d1":0.239195,"ds":"string 🍷,\"0"},{"el":"arr-92","j":"a-4","d1":0.41,"de":"1"},{"el":"arr-92","j":"a-5","d1":0.779,"de":"5","ds":"string 🍷,\"0","di":64},{"el":"arr-92","j":"a-6","d1":0.11},{"el":"arr-92","j":"a-7","d1":0.61681,"de":"1"},{"el":"arr-92","j":"a-8","d1":0.3643},{"el":"arr-92","j":"a-9","d1":0.968145,"de":"10"},{"el":"arr-92","j":"a-10","d1":0.106,"di":29},{"el":"arr-93","j":"a-1","d1":0.6136},{"el":"arr-93","j":"a-2","d1":0.61978,"de":"4","ds":"string 🍷,\"0"},{"el":"arr-93","j":"a-3","d1":0.47},{"el":"arr-93","j":"a-4","d1":0.166},{"el":"arr-93","j":"a-5","d1":0.08,"de":"1"},{"el":"arr-93","j":"a-6","d1":0.7481,"de":"2","ds":"string 🍷,\"0"},{"el":"arr-93","j":"a-7","d1":0.63,"ds":"string 🍷,\"0"},{"el":"arr-93","j":"a-8","d1":0.462,"d2":1.63,"de":"8"},{"el":"arr-93","j":"a-9","d1":0.4577},{"el":"arr-93","j":"a-10","d1":0.59381,"de":"8","ds":"string 🍷,\"5","di":21},{"el":"arr-94","j":"a-1","d1":1.0,"d2":1.57401,"ds":"string 🍷,\"3","di":32},{"el":"arr-94","j":"a-2","d1":0.9,"d2":1.2857,"di":78},{"el":"arr-94","j":"a-3","d1":0.10383,"d2":1.053},{"el":"arr-94","j":"a-4","d1":0.86,"de":"9","di":75},{"el":"arr-94","j":"a-5","d1":0.683041,"de":"6"},{"el":"arr-94","j":"a-6","d1":0.7016686,"d2":1.028,"ds":"string 🍷,\"3"},{"el":"arr-94","j":"a-7","d1":0.4883835},{"el":"arr-94","j":"a-8","di":68},{"el":"arr-94","j":"a-9","d1":1.0,"de":"1"},{"el":"arr-94","j":"a-10","d1":0.911,"di":1},{"el":"arr-95","j":"a-1","d1":0.42,"d2":1.3073,"di":96},{"el":"arr-95","j":"a-2","d1":0.7},{"el":"arr-95","j":"a-3","d1":0.7,"d2":1.13,"de":"4"},{"el":"arr-95","j":"a-4","d1":0.006},{"el":"arr-95","j":"a-5","d1":0.94,"di":2},{"el":"arr-95","j":"a-6","d1":0.9753,"ds":"string 🍷,\"5"},{"el":"arr-95","j":"a-7","d1":0.272929},{"el":"arr-95","j":"a-8","d1":0.4,"d2":1.76},{"el":"arr-95","j":"a-9","d1":0.57905},{"el":"arr-95","j":"a-10","d1":0.0404},{"el":"arr-96","j":"a-1","d1":0.949,"de":"5"},{"el":"arr-96","j":"a-2","d2":1.405,"di":19},{"el":"arr-96","j":"a-3","d1":0.916939,"d2":1.3,"ds":"string 🍷,\"4","di":56},{"el":"arr-96","j":"a-4","d1":0.68968,"de":"3"},{"el":"arr-96","j":"a-5","d1":0.41,"de":"8","di":37},{"el":"arr-96","j":"a-6","d1":0.502582,"ds":"string 🍷,\"6","di":17},{"el":"arr-96","j":"a-7","d1":1.0},{"el":"arr-96","j":"a-8","d1":0.04302,"de":"2","di":52},{"el":"arr-96","j":"a-9","d1":0.6,"de":"2"},{"el":"arr-96","j":"a-10","d1":0.4,"ds":"string 🍷,\"2"},{"el":"arr-97","j":"a-1","di":49},{"el":"arr-97","j":"a-2","d1":0.84},{"el":"arr-97","j":"a-3","d1":0.174,"di":36},{"el":"arr-97","j":"a-4","d1":0.4415},{"el":"arr-97","j":"a-5","d1":0.47172},{"el":"arr-97","j":"a-6","d1":0.3081807,"di":30},{"el":"arr-97","j":"a-7","d1":0.7774,"de":"10"},{"el":"arr-97","j":"a-8","d1":0.0019,"de":"4"},{"el":"arr-97","j":"a-9","d1":1.0,"ds":"string 🍷,\"6"},{"el":"arr-97","j":"a-10","d1":0.42},{"el":"arr-98","j":"a-1","d1":0.2908,"ds":"string 🍷,\"3"},{"el":"arr-98","j":"a-2","d1":0.7442877,"d2":1.633781,"di":43},{"el":"arr-98","j":"a-3","d1":1.0,"de":"10"},{"el":"arr-98","j":"a-4","d1":0.08,"d2":1.7},{"el":"arr-98","j":"a-5","d1":0.6,"de":"2","ds":"string 🍷,\"4"},{"el":"arr-98","j":"a-6","d1":0.233742},{"el":"arr-98","j":"a-7","d1":0.89143,"ds":"string 🍷,\"7","di":98},{"el":"arr-98","j":"a-8","d1":0.2},{"el":"arr-98","j":"a-9","d1":1.0,"d2":1.52,"di":100},{"el":"arr-98","j":"a-10","d1":0.679,"di":30},{"el":"arr-99","j":"a-1","d1":0.34},{"el":"arr-99","j":"a-2","d1":0.769103,"de":"5"},{"el":"arr-99","j":"a-3","d1":0.542},{"el":"arr-99","j":"a-4","d1":0.7114,"d2":1.771,"de":"7"},{"el":"arr-99","j":"a-5","d1":0.275},{"el":"arr-99","j":"a-6","d1":0.71,"de":"3"},{"el":"arr-99","j":"a-7","di":49},{"el":"arr-99","j":"a-8","d1":0.099291,"d2":1.1818},{"el":"arr-99","j":"a-9","d1":0.5471923,"di":86},{"el":"arr-99","j":"a-10","d1":0.28,"di":84},{"el":"arr-100","j":"a-1","d1":0.4,"di":9},{"el":"arr-100","j":"a-2","d1":0.8016,"ds":"string 🍷,\"4"},{"el":"arr-100","j":"a-3","d1":0.328075,"d2":1.64749,"ds":"string 🍷,\"3"},{"el":"arr-100","j":"a-4","d1":0.591,"de":"2"},{"el":"arr-100","j":"a-5","d1":0.083},{"el":"arr-100","j":"a-6","d1":0.4889,"di":100},{"el":"arr-100","j":"a-7","d2":1.25346,"de":"7","ds":"string 🍷,\"0","di":88},{"el":"arr-100","j":"a-8","d1":0.3,"d2":1.5578,"ds":"string 🍷,\"7","di":83},{"el":"arr-100","j":"a-9","d1":0.385,"de":"2","di":26},{"el":"arr-100","j":"a-10","d1":0.01854}]}