{
	"key-5": "Value-27",
	"key-8": "Value-76",
	"key-9": "Value-67",
	"key-1": {
		"key-9": "Value-54",
		"key-10": "Value-60",
		"key-1": {
			"key-9": "Value-30",
			"key-6": {
				"key-10": "Value-67"
			},
			"key-10": {
				"key-1": "Value-85"
			}
		},
		"key-2": {
			"key-1": "Value-52",
			"key-2": "Value-57",
			"key-7": "Value-15",
			"key-6": {
				"key-3": "Value-74"
			},
			"key-7": {
				"key-9": "Value-85"
			}
		},
		"key-3": {
			"key-8": "Value-12"
		},
		"key-4": {
			"key-9": {
				"key-2": "Value-24"
			},
			"key-10": {
				"key-4": "Value-37"
			}
		},
		"key-5": {
			"key-3": {
				"key-10": "Value-100"
			},
			"key-4": {
				"key-5": "Value-26"
			}
		},
		"key-6": {
			"key-4": "Value-21",
			"key-8": "Value-41",
			"key-10": {
				"key-3": "Value-10"
			}
		},
		"key-7": {
			"key-3": "Value-93",
			"key-2": {
				"key-8": "Value-76"
			},
			"key-10": {
				"key-9": "Value-93"
			}
		},
		"key-8": {
			"key-6": "Value-80",
			"key-8": "Value-63",
			"key-6": {
				"key-7": "Value-62"
			},
			"key-9": {
				"key-10": "Value-80"
			}
		},
		"key-9": {
			"key-7": "Value-86"
		},
		"key-10": {
			"key-3": "Value-59",
			"key-3": {
				"key-1": "Value-73"
			},
			"key-5": {
				"key-3": "Value-68"
			},
			"key-7": {
				"key-2": "Value-79"
			}
		}
	},
	"key-2": {
		"key-1": {
			"key-6": {
				"key-9": "Value-43"
			}
		},
		"key-2": {
			"key-9": "Value-25",
			"key-7": {
				"key-3": "Value-60"
			}
		},
		"key-3": {
			"key-4": "Value-72",
			"key-8": "Value-95",
			"key-10": "Value-92",
			"key-5": {
				"key-6": "Value-30"
			}
		},
		"key-4": {
			"key-7": {
				"key-7": "Value-12"
			}
		},
		"key-5": {
			"key-6": "Value-46",
			"key-7": "Value-40",
			"key-8": "Value-22",
			"key-10": "Value-81"
		},
		"key-6": {
			"key-4": "Value-62",
			"key-10": "Value-63"
		},
		"key-7": {
			"key-3": "Value-33",
			"key-4": {
				"key-1": "Value-100"
			}
		},
		"key-8": {
			"key-8": "Value-58"
		},
		"key-9": {
			"key-9": {
				"key-1": "Value-85",
				"key-10": "Value-26"
			}
		},
		"key-10": {
			"key-7": "Value-74"
		}
	},
	"key-3": {
		"key-10": "Value-76",
		"key-1": {
			"key-7": "Value-84",
			"key-5": {
				"key-3": "Value-18"
			},
			"key-8": {
				"key-1": "Value-23"
			}
		},
		"key-2": {
			"key-6": "Value-29",
			"key-5": {
				"key-2": "Value-84"
			}
		},
		"key-4": {
			"key-9": "Value-82"
		},
		"key-5": {
			"key-2": {
				"key-9": "Value-54"
			},
			"key-3": {
				"key-4": "Value-10"
			},
			"key-9": {
				"key-2": "Value-2"
			}
		},
		"key-6": {
			"key-3": {
				"key-1": "Value-97"
			},
			"key-10": {
				"key-4": "Value-94"
			}
		},
		"key-7": {
			"key-1": {
				"key-9": "Value-11"
			}
		},
		"key-8": {
			"key-9": {
				"key-4": "Value-32"
			}
		},
		"key-9": {
			"key-8": "Value-64"
		}
	},
	"key-4": {
		"key-8": "Value-53",
		"key-1": {
			"key-2": {
				"key-10": "Value-21"
			},
			"key-6": {
				"key-1": "Value-98"
			}
		},
		"key-2": {
			"key-6": "Value-72",
			"key-6": {
				"key-5": "Value-15"
			}
		},
		"key-3": {
			"key-7": {
				"key-5": "Value-60"
			},
			"key-9": {
				"key-7": "Value-39"
			}
		},
		"key-4": {
			"key-5": {
				"key-7": "Value-3"
			}
		},
		"key-7": {
			"key-2": "Value-20",
			"key-5": {
				"key-3": "Value-97"
			}
		},
		"key-8": {
			"key-3": "Value-46"
		},
		"key-9": {
			"key-5": "Value-45",
			"key-8": "Value-62"
		}
	},
	"key-5": {
		"key-1": {
			"key-2": "Value-30",
			"key-5": {
				"key-4": "Value-16"
			},
			"key-9": {
				"key-1": "Value-87"
			}
		},
		"key-2": {
			"key-9": "Value-11",
			"key-7": {
				"key-4": "Value-92"
			}
		},
		"key-3": {
			"key-2": "Value-15",
			"key-6": {
				"key-3": "Value-19"
			}
		},
		"key-5": {
			"key-4": "Value-74"
		},
		"key-6": {
			"key-6": "Value-31",
			"key-3": {
				"key-4": "Value-79"
			}
		},
		"key-7": {
			"key-5": {
				"key-4": "Value-39"
			}
		},
		"key-8": {
			"key-4": "Value-19",
			"key-5": {
				"key-4": "Value-8"
			},
			"key-8": {
				"key-6": "Value-28"
			}
		},
		"key-10": {
			"key-2": "Value-17",
			"key-9": "Value-21"
		}
	},
	"key-6": {
		"key-4": "Value-44",
		"key-8": "Value-84",
		"key-10": "Value-15",
		"key-1": {
			"key-2": {
				"key-8": "Value-84"
			},
			"key-4": {
				"key-3": "Value-70"
			},
			"key-5": {
				"key-3": "Value-76"
			}
		},
		"key-2": {
			"key-3": "Value-54",
			"key-1": {
				"key-4": "Value-28"
			},
			"key-2": {
				"key-1": "Value-27"
			}
		},
		"key-3": {
			"key-4": "Value-68",
			"key-8": "Value-14"
		},
		"key-4": {
			"key-1": "Value-89",
			"key-6": "Value-97",
			"key-9": "Value-92"
		},
		"key-5": {
			"key-2": "Value-85",
			"key-3": {
				"key-3": "Value-55"
			}
		},
		"key-6": {
			"key-6": "Value-62",
			"key-10": "Value-39"
		},
		"key-7": {
			"key-1": {
				"key-2": "Value-65"
			},
			"key-7": {
				"key-2": "Value-72"
			}
		},
		"key-8": {
			"key-9": {
				"key-7": "Value-46"
			}
		},
		"key-9": {
			"key-10": "Value-5",
			"key-4": {
				"key-2": "Value-72"
			}
		},
		"key-10": {
			"key-4": "Value-50",
			"key-5": "Value-31",
			"key-2": {
				"key-5": "Value-8"
			}
		}
	},
	"key-7": {
		"key-10": "Value-11",
		"key-2": {
			"key-2": {
				"key-9": "Value-55"
			}
		},
		"key-4": {
			"key-4": "Value-59",
			"key-10": "Value-92"
		},
		"key-5": {
			"key-4": "Value-39",
			"key-5": {
				"key-10": "Value-61"
			}
		},
		"key-6": {
			"key-3": "Value-77",
			"key-9": "Value-38",
			"key-8": {
				"key-3": "Value-13",
				"key-7": "Value-19"
			}
		},
		"key-7": {
			"key-5": {
				"key-1": "Value-96"
			},
			"key-6": {
				"key-5": "Value-27"
			}
		},
		"key-9": {
			"key-3": {
				"key-1": "Value-95"
			},
			"key-4": {
				"key-10": "Value-72"
			},
			"key-6": {
				"key-6": "Value-65"
			},
			"key-9": {
				"key-3": "Value-16"
			}
		},
		"key-10": {
			"key-10": {
				"key-6": "Value-34"
			}
		}
	},
	"key-8": {
		"key-1": {
			"key-4": "Value-88",
			"key-2": {
				"key-2": "Value-87"
			}
		},
		"key-2": {
			"key-1": "Value-4"
		},
		"key-3": {
			"key-3": {
				"key-2": "Value-31"
			},
			"key-4": {
				"key-10": "Value-37"
			}
		},
		"key-4": {
			"key-1": "Value-37",
			"key-10": "Value-46",
			"key-6": {
				"key-4": "Value-55"
			}
		},
		"key-5": {
			"key-7": "Value-93",
			"key-8": "Value-55"
		},
		"key-7": {
			"key-6": "Value-25",
			"key-7": "Value-36",
			"key-3": {
				"key-6": "Value-87"
			},
			"key-10": {
				"key-1": "Value-39",
				"key-7": "Value-14"
			}
		},
		"key-8": {
			"key-4": {
				"key-10": "Value-61"
			}
		},
		"key-9": {
			"key-3": "Value-15",
			"key-1": {
				"key-2": "Value-93"
			}
		}
	},
	"key-9": {
		"key-1": "Value-9",
		"key-3": "Value-24",
		"key-8": "Value-45",
		"key-1": {
			"key-6": "Value-39",
			"key-1": {
				"key-9": "Value-30"
			},
			"key-7": {
				"key-8": "Value-46"
			},
			"key-9": {
				"key-4": "Value-77"
			}
		},
		"key-2": {
			"key-1": "Value-96"
		},
		"key-3": {
			"key-10": "Value-57"
		},
		"key-4": {
			"key-4": {
				"key-6": "Value-29"
			}
		},
		"key-5": {
			"key-2": "Value-87",
			"key-5": "Value-85",
			"key-6": "Value-91",
			"key-8": {
				"key-3": "Value-23"
			}
		},
		"key-6": {
			"key-3": "Value-12",
			"key-5": "Value-41",
			"key-7": "Value-60",
			"key-9": {
				"key-5": "Value-28"
			}
		},
		"key-7": {
			"key-8": {
				"key-8": "Value-38"
			}
		},
		"key-9": {
			"key-6": {
				"key-9": "Value-10"
			}
		},
		"key-10": {
			"key-1": "Value-99",
			"key-3": "Value-94",
			"key-4": "Value-88",
			"key-8": {
				"key-10": "Value-59"
			}
		}
	},
	"key-10": {
		"key-1": {
			"key-9": {
				"key-6": "Value-12"
			}
		},
		"key-2": {
			"key-3": "Value-7",
			"key-7": {
				"key-8": "Value-7"
			}
		},
		"key-3": {
			"key-1": "Value-32",
			"key-3": {
				"key-8": "Value-27"
			},
			"key-5": {
				"key-5": "Value-59"
			},
			"key-6": {
				"key-1": "Value-81"
			},
			"key-9": {
				"key-3": "Value-52"
			},
			"key-10": {
				"key-3": "Value-3"
			}
		},
		"key-4": {
			"key-1": "Value-28",
			"key-3": "Value-35",
			"key-6": "Value-14",
			"key-5": {
				"key-1": "Value-18"
			},
			"key-10": {
				"key-1": "Value-52"
			}
		},
		"key-5": {
			"key-6": "Value-61",
			"key-10": "Value-23",
			"key-2": {
				"key-6": "Value-96"
			}
		},
		"key-6": {
			"key-1": {
				"key-9": "Value-25"
			}
		},
		"key-7": {
			"key-6": "Value-26",
			"key-10": "Value-90",
			"key-3": {
				"key-8": "Value-46"
			}
		},
		"key-8": {
			"key-4": "Value-22"
		},
		"key-9": {
			"key-6": {
				"key-3": "Value-86"
			}
		},
		"key-10": {
			"key-6": "Value-47"
		}
	}
}