ErrorCode,TariffEffectiveDate,OriginCountry,OriginPostalCode,OriginCity,OriginState,DestinationCountry,DestinationPostalCode,DestinationCity,DestinationState,UseSingleShipment,RateAdjustmentFactor,UseDisc,DiscountApplication,WeightBreak_Discount_1,WeightBreak_Discount_2,WeightBreak_Discount_3,WeightBreak_Discount_4,WeightBreak_Discount_5,WeightBreak_Discount_6,WeightBreak_Discount_7,WeightBreak_Discount_8,WeightBreak_Discount_9,WeightBreak_Discount_10,WeightBreak_Discount_11,McDiscount,UserMCFloor,LTL_Surcharge,TL_Surcharge,SurchargeApplication,SurchargePercentUsed,SurchargeAmount,OrgDestToGateWayPointFlag,TableNumber,RBNO,Suffix,ActualWeight,BilledWeight,LHGrossCharge,MinimumCharge,AbsoluteMCFloor,DeficitRate,DeficitWeight,DeficitCharge,TotalCharge,DiscountPctUsed,DiscountAmountUsed,ShipmentID,TariffName,StopAlternationWeight,RateApplication,CurrencyEntity,CurrencyName,CurrencyAlphaCode,CurrencyNumericCode,CurrencyMinorUnit,DetailError_1,DetailClass_1,DetailWeight_1,DetailRate_1,DetailCharge_1
0,20070703,USA,84123,,UT,USA,80012,,CO,N,,N,C,0,0,0,0,0,0,0,0,0,0,0,0,,0,0,N,0,0,,00026,00009363,,250,250,163.60,215.00,0,0,0,0,215.00,0,0,ID#2,DEMOLTLC,0,M,United States of America,US Dollar,USD,840,2,0,100,250,65.44,163.60
0,20070703,USA,84123,,UT,USA,42701,,KY,N,,N,C,0,0,0,0,0,0,0,0,0,0,0,0,,0,0,N,0,0,,00015,00007067,,250,250,228.75,227.69,0,0,0,0,228.75,0,0,ID#3,DEMOLTLC,0,R,United States of America,US Dollar,USD,840,2,0,100,250,91.50,228.75
0,20070703,USA,84123,,UT,USA,37617,,TN,N,,N,C,0,0,0,0,0,0,0,0,0,0,0,0,,0,0,N,0,0,,00015,00007074,,250,250,243.40,235.05,0,0,0,0,243.40,0,0,ID#4,DEMOLTLC,0,R,United States of America,US Dollar,USD,840,2,0,100,250,97.36,243.40
0,20070703,USA,84123,,UT,USA,40213,,KY,N,,N,C,0,0,0,0,0,0,0,0,0,0,0,0,,0,0,N,0,0,,00015,00007061,,250,250,216.18,221.34,0,0,0,0,221.34,0,0,ID#5,DEMOLTLC,0,M,United States of America,US Dollar,USD,840,2,0,100,250,86.47,216.18
