<AimmsJSONMapping aimms-namespace="dex::json">
	<ExternalBinding binds-to="name" binding="CurrentSchemaName"/>
	<ExternalBinding binds-to="schema" binding="CurrentSchema"/>
	<ExternalBinding binds-to="nde" binding="CurrentSchemaNode"/>
	
	<ObjectMapping empty-as-bool="1">
		<ValueMapping name-binds-to="coreid" name-regex="\$id|\$schema|\$ref|\$anchor|\$dynamicRef|\$dynamicAnchor|\$comment" maps-to="CoreProperty(name,schema,nde,coreid)"/>
		<ObjectMapping name="$vocabulary">
			<ValueMapping name-binds-to="vocab" name-regex=".*" maps-to="CoreVocabulary(name,schema,nde,vocab)" number-type="boolean"/>
	 	</ObjectMapping>

		<ValueMapping name-binds-to="meta" name-regex="title|description" maps-to="MetaStringProperty(name,schema,nde,meta)"/>
		<ValueMapping name-binds-to="meta" name-regex="deprecated|readOnly|writeOnly" maps-to="MetaBoolProperty(name,schema,nde,meta)" number-type="boolean"/>
		<ValueMapping name="default" accept-any="1" maps-to="MetaDefault(name,schema,nde)"/>
		
		<ArrayMapping name="type" iterative-reset="iter" singleton-as-array="1">
			<ValueMapping iterative-binds-to="iter" maps-to="ValidationType(name,schema,nde,iter)"/>
		</ArrayMapping>

		<ObjectMapping name-binds-to="appl" name-regex="properties|patternProperties|dependentSchemas">
			<ObjectMapping name-binds-to="childSchema" name-regex=".*" included-mapping="@JsonSchema/JsonSchemaContent" maps-to="ApplicatorListBool(name,schema,nde,appl,childSchema,childNode)" empty-as-bool="1" force-dense="ApplicatorListProperty(name,schema,nde,appl,childSchema,childNode)">
				<ExternalBinding binds-to="name" binding="name"/>
				<ExternalBinding binds-to="schema" binding="childSchema"/>
				<ExternalBinding binds-to="nde" iterative-binding="childNode"/>
			</ObjectMapping>
		</ObjectMapping>
		
		<ArrayMapping name-binds-to="strlist" name-regex="enum|required" iterative-reset="iter">
			<ValueMapping iterative-binds-to="iter" maps-to="ValidationListProperty(name,schema,nde,strlist,iter)"/>
		</ArrayMapping> 
		
		<ValueMapping name-binds-to="numval" name-regex="multipleOf|maximum|exclusiveMaximum|minimum|exclusiveMinimum" maps-to="ValidationNumberProperty(name,schema,nde,numval)"/>
		<ValueMapping name-binds-to="intval" name-regex="maxLength|minLength|maxItems|minItems|maxContains|minContains|maxProperties|minProperties" number-type="integer" maps-to="ValidationIntegerProperty(name,schema,nde,intval)"/>
		<ValueMapping name-binds-to="strval" name-regex="const|pattern" accept-any="1" maps-to="ValidationStringProperty(name,schema,nde,strval)"/>
		<ValueMapping name-binds-to="boolval" name-regex="uniqueItems" number-type="boolean" maps-to="ValidationBoolProperty(name,schema,nde,boolval)"/>
		
		<ObjectMapping name="dependentRequired">
			<ArrayMapping name-binds-to="prop" name-regex=".*" iterative-reset="iter">
				<ValueMapping iterative-binds-to="iter" maps-to="ValidationDependentRequired(name,schema,nde,prop,iter)"/>
			</ArrayMapping>
		</ObjectMapping>
		
		<ValueMapping name="format" maps-to="FormatProperty(name,schema,nde)"/>
		
		<ArrayMapping name-binds-to="childSchema" name-regex="prefixItems|allOf|anyOf|oneOf">
			<ObjectMapping included-mapping="@JsonSchema/JsonSchemaContent" maps-to="ApplicatorArrayBool(name,schema,nde,childSchema,childNode)" empty-as-bool="1" force-dense="ApplicatorArrayProperty(name,schema,nde,childSchema,childNode)">
				<ExternalBinding binds-to="name" binding="name"/>
				<ExternalBinding binds-to="schema" binding="childSchema"/>
				<ExternalBinding binds-to="nde" iterative-binding="childNode"/>
			</ObjectMapping>
		</ArrayMapping>
		
		<ObjectMapping name-binds-to="childSchema" name-regex="items|contains|additionalProperties|propertyNames|if|then|else|not" included-mapping="@JsonSchema/JsonSchemaContent" maps-to="ApplicatorObjectBool(name,schema,nde,childSchema,childNode)" empty-as-bool="1" force-dense="ApplicatorObjectProperty(name,schema,nde,childSchema,childNode)">
			<ExternalBinding binds-to="name" binding="name"/>
			<ExternalBinding binds-to="schema" binding="childSchema"/>
			<ExternalBinding binds-to="nde" iterative-binding="childNode"/>
		</ObjectMapping>
		
		<ArrayMapping name="examples" iterative-reset="iter">
			<ValueMapping iterative-binds-to="iter" maps-to="MetaExample(name,schema,nde,iter)"/>
		</ArrayMapping>
		
		<ObjectMapping name-binds-to="childSchema" name-regex="unevaluatedItems|unevaluatedProperties" included-mapping="@JsonSchema/JsonSchemaContent" maps-to="UnevaluatedObjectBool(name,schema,nde,childSchema,childNode)" empty-as-bool="1" force-dense="UnevaluatedObjectProperty(name,schema,nde,childSchema,childNode)">
			<ExternalBinding binds-to="name" binding="name"/>
			<ExternalBinding binds-to="schema" binding="childSchema"/>
			<ExternalBinding binds-to="nde" iterative-binding="childNode"/>
		</ObjectMapping>
				
		<ValueMapping name-binds-to="content" name-regex="contentEncoding|contentMediaType" maps-to="ContentProperty(name,schema,nde,content)"/>
		<ObjectMapping name-binds-to="childSchema" name-regex="contentSchema" included-mapping="@JsonSchema/JsonSchemaContent" maps-to="ContentSchemaBool(name,schema,nde,childSchema,childNode)" empty-as-bool="1" force-dense="ContentSchemaProperty(name,schema,nde,childSchema,childNode)">
			<ExternalBinding binds-to="name" binding="name"/>
			<ExternalBinding binds-to="schema" binding="childSchema"/>
			<ExternalBinding binds-to="nde" iterative-binding="childNode"/>
		</ObjectMapping>
		
		<ObjectMapping name-binds-to="def" name-regex="\$defs|definitions" >
			<ObjectMapping name-binds-to="childSchema" name-regex=".*" included-mapping="@JsonSchema/JsonSchemaContent" force-dense="CoreDefs(name,schema,nde,def,childSchema,childNode)">
				<ExternalBinding binds-to="name" binding="name"/>
				<ExternalBinding binds-to="schema" binding="childSchema"/>
				<ExternalBinding binds-to="nde" iterative-binding="childNode"/>
			</ObjectMapping>
		</ObjectMapping>
		
		<!-- https://spec.openapis.org/oas/3.1/vocab/base vocabulary -->
		
		<ValueMapping name-binds-to="ext" name-regex="^x-.*" const-binds-to="loc" const-binds-value="schema" maps-to="OASExtensible(name,schema,nde,ext,loc)"/>
		<ObjectMapping name="discriminator">
			<ValueMapping name-binds-to="ext" name-regex="^x-.*"  const-binds-to="loc" const-binds-value="discriminator" maps-to="OASExtensible(name,schema,nde,ext,loc)"/>
			<ValueMapping name="propertyName" maps-to="OASDiscriminatorProperty(name,schema,nde)"/>
			<ObjectMapping name="mapping">
				<ValueMapping name-binds-to="discr" name-regex=".*" maps-to="OASDiscriminatorMapping(name,schema,nde,discr)"/>
			</ObjectMapping>
		</ObjectMapping> 
		<ObjectMapping name="externalDocs">
			<ValueMapping name-binds-to="ext" name-regex="^x-.*"  const-binds-to="loc" const-binds-value="externalDocs" maps-to="OASExtensible(name,schema,nde,ext,loc)"/>
			<ValueMapping name-binds-to="prop" name-regex="url|description" maps-to="OASExternalDocProperty(name,schema,nde,prop)"/>
		</ObjectMapping> 
		<ObjectMapping name="xml">
			<ValueMapping name-binds-to="ext" name-regex="^x-.*"  const-binds-to="loc" const-binds-value="xml" maps-to="OASExtensible(name,schema,nde,ext,loc)"/>
			<ValueMapping name-binds-to="prop" name-regex="name|namespace|prefix" maps-to="OASXMLStringProperty(name,schema,nde,prop)"/>
			<ValueMapping name-binds-to="prop" name-regex="attribute|wrapped" maps-to="OASXMLBoolProperty(name,schema,nde,prop)"/>
		</ObjectMapping> 

	</ObjectMapping>
</AimmsJSONMapping>