<?xml version="1.0"?>
<TemplateManager>
	<Page Name="All Data Pages" PageGUID="9D551D49-1C6C-487F-A872-931423B8CED1" />
	<Page Name="[Data Page] tree" PageGUID="CEEFBCA6-1EB0-4814-A0B3-D02EB4C8E291" Marked="true" />
	<Page Name="[Data Page] label" PageGUID="47EB4D6B-C09A-4190-A959-32D2CE37E732" Marked="true" />
	<Page Name="[Data Page] parentNode" PageGUID="E5D7D5B1-8473-42CC-9837-2915E6AA2B34" Marked="true" />
	<Page Name="[Data Page] d3" PageGUID="5DBFC803-05FD-4235-88C6-CC00BD459E7E" />
	<Page Name="[Data Page] filter_ijk" PageGUID="F0C725CA-946C-4ACF-8DDC-8F3E9431A647" />
	<Page Name="[Data Page] filter_ij" PageGUID="0C366869-0BC3-49BD-925E-B9A7904CE8F6" />
	<Page Name="[Data Page] d3_filter" PageGUID="0BF9869A-AC01-46E6-A543-1C4C16D51D1D" Marked="true" />
	<Page Name="[Data Page] d4" PageGUID="845F669C-9366-4CC8-A1DA-E635E7655F01" />
	<Page Name="[Data Page] GoogleGeoResultLongName" PageGUID="22927683-DBD7-424B-8B4C-2B4B8DF9ED74" Marked="true" />
</TemplateManager>
