{
	"plus_code": {
		"compound_code": "P27Q+MC New York City, New York, Verenigde Staten",
		"global_code": "87G8P27Q+MC"
	},
	"results": [
		{
			"address_components": [
				{
					"long_name": "277",
					"short_name": "277",
					"types": [
						"street_number"
					]
				},
				{
					"long_name": "Bedford Avenue",
					"short_name": "Bedford Ave",
					"types": [
						"route"
					]
				},
				{
					"long_name": "Williamsburg",
					"short_name": "Williamsburg",
					"types": [
						"neighborhood",
						"political"
					]
				},
				{
					"long_name": "Brooklyn",
					"short_name": "Brooklyn",
					"types": [
						"political",
						"sublocality",
						"sublocality_level_1"
					]
				},
				{
					"long_name": "Kings County",
					"short_name": "Kings County",
					"types": [
						"administrative_area_level_2",
						"political"
					]
				},
				{
					"long_name": "New York",
					"short_name": "NY",
					"types": [
						"administrative_area_level_1",
						"political"
					]
				},
				{
					"long_name": "Verenigde Staten",
					"short_name": "US",
					"types": [
						"country",
						"political"
					]
				},
				{
					"long_name": "11211",
					"short_name": "11211",
					"types": [
						"postal_code"
					]
				}
			],
			"formatted_address": "277 Bedford Ave, Brooklyn, NY 11211, Verenigde Staten",
			"geometry": {
				"location": {
					"lat": 40.7142205,
					"lng": -73.9612903
				},
				"location_type": "ROOFTOP",
				"viewport": {
					"northeast": {
						"lat": 40.71556948029149,
						"lng": -73.95994131970849
					},
					"southwest": {
						"lat": 40.7128715197085,
						"lng": -73.9626392802915
					}
				}
			},
			"place_id": "ChIJd8BlQ2BZwokRAFUEcm_qrcA",
			"plus_code": {
				"compound_code": "P27Q+MF Brooklyn, New York, Verenigde Staten",
				"global_code": "87G8P27Q+MF"
			},
			"types": [
				"street_address"
			]
		},
		{
			"address_components": [
				{
					"long_name": "279",
					"short_name": "279",
					"types": [
						"street_number"
					]
				},
				{
					"long_name": "Bedford Avenue",
					"short_name": "Bedford Ave",
					"types": [
						"route"
					]
				},
				{
					"long_name": "Williamsburg",
					"short_name": "Williamsburg",
					"types": [
						"neighborhood",
						"political"
					]
				},
				{
					"long_name": "Brooklyn",
					"short_name": "Brooklyn",
					"types": [
						"political",
						"sublocality",
						"sublocality_level_1"
					]
				},
				{
					"long_name": "Kings County",
					"short_name": "Kings County",
					"types": [
						"administrative_area_level_2",
						"political"
					]
				},
				{
					"long_name": "New York",
					"short_name": "NY",
					"types": [
						"administrative_area_level_1",
						"political"
					]
				},
				{
					"long_name": "Verenigde Staten",
					"short_name": "US",
					"types": [
						"country",
						"political"
					]
				},
				{
					"long_name": "11211",
					"short_name": "11211",
					"types": [
						"postal_code"
					]
				},
				{
					"long_name": "4203",
					"short_name": "4203",
					"types": [
						"postal_code_suffix"
					]
				}
			],
			"formatted_address": "279 Bedford Ave, Brooklyn, NY 11211, Verenigde Staten",
			"geometry": {
				"bounds": {
					"northeast": {
						"lat": 40.7142628,
						"lng": -73.9612131
					},
					"southwest": {
						"lat": 40.7141534,
						"lng": -73.9613792
					}
				},
				"location": {
					"lat": 40.7142015,
					"lng": -73.96130769999999
				},
				"location_type": "ROOFTOP",
				"viewport": {
					"northeast": {
						"lat": 40.7155570802915,
						"lng": -73.95994716970849
					},
					"southwest": {
						"lat": 40.7128591197085,
						"lng": -73.96264513029149
					}
				}
			},
			"place_id": "ChIJRYYERGBZwokRAM4n1GlcYX4",
			"types": [
				"premise"
			]
		},
		{
			"address_components": [
				{
					"long_name": "279",
					"short_name": "279",
					"types": [
						"street_number"
					]
				},
				{
					"long_name": "Bedford Avenue",
					"short_name": "Bedford Ave",
					"types": [
						"route"
					]
				},
				{
					"long_name": "Williamsburg",
					"short_name": "Williamsburg",
					"types": [
						"neighborhood",
						"political"
					]
				},
				{
					"long_name": "Brooklyn",
					"short_name": "Brooklyn",
					"types": [
						"political",
						"sublocality",
						"sublocality_level_1"
					]
				},
				{
					"long_name": "Kings County",
					"short_name": "Kings County",
					"types": [
						"administrative_area_level_2",
						"political"
					]
				},
				{
					"long_name": "New York",
					"short_name": "NY",
					"types": [
						"administrative_area_level_1",
						"political"
					]
				},
				{
					"long_name": "Verenigde Staten",
					"short_name": "US",
					"types": [
						"country",
						"political"
					]
				},
				{
					"long_name": "11211",
					"short_name": "11211",
					"types": [
						"postal_code"
					]
				}
			],
			"formatted_address": "279 Bedford Ave, Brooklyn, NY 11211, Verenigde Staten",
			"geometry": {
				"location": {
					"lat": 40.7142077,
					"lng": -73.9613115
				},
				"location_type": "ROOFTOP",
				"viewport": {
					"northeast": {
						"lat": 40.7155566802915,
						"lng": -73.9599625197085
					},
					"southwest": {
						"lat": 40.7128587197085,
						"lng": -73.9626604802915
					}
				}
			},
			"place_id": "ChIJT2x8Q2BZwokRpBu2jUzX3dE",
			"plus_code": {
				"compound_code": "P27Q+MF Brooklyn, New York, Verenigde Staten",
				"global_code": "87G8P27Q+MF"
			},
			"types": [
				"bakery",
				"cafe",
				"establishment",
				"food",
				"point_of_interest",
				"store"
			]
		},
		{
			"address_components": [
				{
					"long_name": "291-275",
					"short_name": "291-275",
					"types": [
						"street_number"
					]
				},
				{
					"long_name": "Bedford Avenue",
					"short_name": "Bedford Ave",
					"types": [
						"route"
					]
				},
				{
					"long_name": "Williamsburg",
					"short_name": "Williamsburg",
					"types": [
						"neighborhood",
						"political"
					]
				},
				{
					"long_name": "Brooklyn",
					"short_name": "Brooklyn",
					"types": [
						"political",
						"sublocality",
						"sublocality_level_1"
					]
				},
				{
					"long_name": "Kings County",
					"short_name": "Kings County",
					"types": [
						"administrative_area_level_2",
						"political"
					]
				},
				{
					"long_name": "New York",
					"short_name": "NY",
					"types": [
						"administrative_area_level_1",
						"political"
					]
				},
				{
					"long_name": "Verenigde Staten",
					"short_name": "US",
					"types": [
						"country",
						"political"
					]
				},
				{
					"long_name": "11211",
					"short_name": "11211",
					"types": [
						"postal_code"
					]
				}
			],
			"formatted_address": "291-275 Bedford Ave, Brooklyn, NY 11211, Verenigde Staten",
			"geometry": {
				"bounds": {
					"northeast": {
						"lat": 40.7145065,
						"lng": -73.9612923
					},
					"southwest": {
						"lat": 40.7139055,
						"lng": -73.96168349999999
					}
				},
				"location": {
					"lat": 40.7142045,
					"lng": -73.9614845
				},
				"location_type": "GEOMETRIC_CENTER",
				"viewport": {
					"northeast": {
						"lat": 40.7155549802915,
						"lng": -73.96013891970849
					},
					"southwest": {
						"lat": 40.7128570197085,
						"lng": -73.96283688029149
					}
				}
			},
			"place_id": "ChIJ8ThWRGBZwokR3E1zUisk3LU",
			"types": [
				"route"
			]
		},
		{
			"address_components": [
				{
					"long_name": "South Williamsburg",
					"short_name": "South Williamsburg",
					"types": [
						"neighborhood",
						"political"
					]
				},
				{
					"long_name": "Brooklyn",
					"short_name": "Brooklyn",
					"types": [
						"political",
						"sublocality",
						"sublocality_level_1"
					]
				},
				{
					"long_name": "Kings County",
					"short_name": "Kings County",
					"types": [
						"administrative_area_level_2",
						"political"
					]
				},
				{
					"long_name": "New York",
					"short_name": "NY",
					"types": [
						"administrative_area_level_1",
						"political"
					]
				},
				{
					"long_name": "Verenigde Staten",
					"short_name": "US",
					"types": [
						"country",
						"political"
					]
				}
			],
			"formatted_address": "South Williamsburg, Brooklyn, NY, Verenigde Staten",
			"geometry": {
				"bounds": {
					"northeast": {
						"lat": 40.7167119,
						"lng": -73.9420904
					},
					"southwest": {
						"lat": 40.6984866,
						"lng": -73.9699432
					}
				},
				"location": {
					"lat": 40.7043921,
					"lng": -73.9565551
				},
				"location_type": "APPROXIMATE",
				"viewport": {
					"northeast": {
						"lat": 40.7167119,
						"lng": -73.9420904
					},
					"southwest": {
						"lat": 40.6984866,
						"lng": -73.9699432
					}
				}
			},
			"place_id": "ChIJR3_ODdlbwokRYtN19kNtcuk",
			"types": [
				"neighborhood",
				"political"
			]
		},
		{
			"address_components": [
				{
					"long_name": "11211",
					"short_name": "11211",
					"types": [
						"postal_code"
					]
				},
				{
					"long_name": "Brooklyn",
					"short_name": "Brooklyn",
					"types": [
						"political",
						"sublocality",
						"sublocality_level_1"
					]
				},
				{
					"long_name": "New York City",
					"short_name": "New York City",
					"types": [
						"locality",
						"political"
					]
				},
				{
					"long_name": "New York",
					"short_name": "NY",
					"types": [
						"administrative_area_level_1",
						"political"
					]
				},
				{
					"long_name": "Verenigde Staten",
					"short_name": "US",
					"types": [
						"country",
						"political"
					]
				}
			],
			"formatted_address": "Brooklyn, New York 11211, Verenigde Staten",
			"geometry": {
				"bounds": {
					"northeast": {
						"lat": 40.7280089,
						"lng": -73.9207299
					},
					"southwest": {
						"lat": 40.7008331,
						"lng": -73.9644697
					}
				},
				"location": {
					"lat": 40.7093358,
					"lng": -73.9565551
				},
				"location_type": "APPROXIMATE",
				"viewport": {
					"northeast": {
						"lat": 40.7280089,
						"lng": -73.9207299
					},
					"southwest": {
						"lat": 40.7008331,
						"lng": -73.9644697
					}
				}
			},
			"place_id": "ChIJvbEjlVdZwokR4KapM3WCFRw",
			"types": [
				"postal_code"
			]
		},
		{
			"address_components": [
				{
					"long_name": "Brooklyn",
					"short_name": "Brooklyn",
					"types": [
						"political",
						"sublocality",
						"sublocality_level_1"
					]
				},
				{
					"long_name": "Kings County",
					"short_name": "Kings County",
					"types": [
						"administrative_area_level_2",
						"political"
					]
				},
				{
					"long_name": "New York",
					"short_name": "NY",
					"types": [
						"administrative_area_level_1",
						"political"
					]
				},
				{
					"long_name": "Verenigde Staten",
					"short_name": "US",
					"types": [
						"country",
						"political"
					]
				}
			],
			"formatted_address": "Brooklyn, New York, Verenigde Staten",
			"geometry": {
				"bounds": {
					"northeast": {
						"lat": 40.739446,
						"lng": -73.8333651
					},
					"southwest": {
						"lat": 40.551042,
						"lng": -74.05663
					}
				},
				"location": {
					"lat": 40.6781784,
					"lng": -73.9441579
				},
				"location_type": "APPROXIMATE",
				"viewport": {
					"northeast": {
						"lat": 40.739446,
						"lng": -73.8333651
					},
					"southwest": {
						"lat": 40.551042,
						"lng": -74.05663
					}
				}
			},
			"place_id": "ChIJCSF8lBZEwokRhngABHRcdoI",
			"types": [
				"political",
				"sublocality",
				"sublocality_level_1"
			]
		},
		{
			"address_components": [
				{
					"long_name": "Kings County",
					"short_name": "Kings County",
					"types": [
						"administrative_area_level_2",
						"political"
					]
				},
				{
					"long_name": "Brooklyn",
					"short_name": "Brooklyn",
					"types": [
						"political",
						"sublocality",
						"sublocality_level_1"
					]
				},
				{
					"long_name": "New York",
					"short_name": "NY",
					"types": [
						"administrative_area_level_1",
						"political"
					]
				},
				{
					"long_name": "Verenigde Staten",
					"short_name": "US",
					"types": [
						"country",
						"political"
					]
				}
			],
			"formatted_address": "Kings County, Brooklyn, NY, Verenigde Staten",
			"geometry": {
				"bounds": {
					"northeast": {
						"lat": 40.739446,
						"lng": -73.8333651
					},
					"southwest": {
						"lat": 40.551042,
						"lng": -74.05663
					}
				},
				"location": {
					"lat": 40.6528762,
					"lng": -73.95949399999999
				},
				"location_type": "APPROXIMATE",
				"viewport": {
					"northeast": {
						"lat": 40.739446,
						"lng": -73.8333651
					},
					"southwest": {
						"lat": 40.551042,
						"lng": -74.05663
					}
				}
			},
			"place_id": "ChIJOwE7_GTtwokRs75rhW4_I6M",
			"types": [
				"administrative_area_level_2",
				"political"
			]
		},
		{
			"address_components": [
				{
					"long_name": "New York City",
					"short_name": "New York City",
					"types": [
						"locality",
						"political"
					]
				},
				{
					"long_name": "New York",
					"short_name": "NY",
					"types": [
						"administrative_area_level_1",
						"political"
					]
				},
				{
					"long_name": "Verenigde Staten",
					"short_name": "US",
					"types": [
						"country",
						"political"
					]
				}
			],
			"formatted_address": "New York City, New York, Verenigde Staten",
			"geometry": {
				"bounds": {
					"northeast": {
						"lat": 40.9175771,
						"lng": -73.70027209999999
					},
					"southwest": {
						"lat": 40.4773991,
						"lng": -74.25908989999999
					}
				},
				"location": {
					"lat": 40.7127753,
					"lng": -74.0059728
				},
				"location_type": "APPROXIMATE",
				"viewport": {
					"northeast": {
						"lat": 40.9175771,
						"lng": -73.70027209999999
					},
					"southwest": {
						"lat": 40.4773991,
						"lng": -74.25908989999999
					}
				}
			},
			"place_id": "ChIJOwg_06VPwokRYv534QaPC8g",
			"types": [
				"locality",
				"political"
			]
		},
		{
			"address_components": [
				{
					"long_name": "Long Island",
					"short_name": "Long Island",
					"types": [
						"establishment",
						"natural_feature"
					]
				},
				{
					"long_name": "New York",
					"short_name": "NY",
					"types": [
						"administrative_area_level_1",
						"political"
					]
				},
				{
					"long_name": "Verenigde Staten",
					"short_name": "US",
					"types": [
						"country",
						"political"
					]
				}
			],
			"formatted_address": "Long Island, New York, Verenigde Staten",
			"geometry": {
				"bounds": {
					"northeast": {
						"lat": 41.1612401,
						"lng": -71.85620109999999
					},
					"southwest": {
						"lat": 40.5429789,
						"lng": -74.0419497
					}
				},
				"location": {
					"lat": 40.789142,
					"lng": -73.13496099999999
				},
				"location_type": "APPROXIMATE",
				"viewport": {
					"northeast": {
						"lat": 41.1612401,
						"lng": -71.85620109999999
					},
					"southwest": {
						"lat": 40.5429789,
						"lng": -74.0419497
					}
				}
			},
			"place_id": "ChIJy6Xu4VRE6IkRGA2UhmH59x0",
			"types": [
				"establishment",
				"natural_feature"
			]
		},
		{
			"address_components": [
				{
					"long_name": "New York",
					"short_name": "NY",
					"types": [
						"administrative_area_level_1",
						"political"
					]
				},
				{
					"long_name": "Verenigde Staten",
					"short_name": "US",
					"types": [
						"country",
						"political"
					]
				}
			],
			"formatted_address": "New York, Verenigde Staten",
			"geometry": {
				"bounds": {
					"northeast": {
						"lat": 45.015861,
						"lng": -71.777491
					},
					"southwest": {
						"lat": 40.4773991,
						"lng": -79.7625901
					}
				},
				"location": {
					"lat": 43.2994285,
					"lng": -74.21793260000001
				},
				"location_type": "APPROXIMATE",
				"viewport": {
					"northeast": {
						"lat": 45.015861,
						"lng": -71.777491
					},
					"southwest": {
						"lat": 40.4773991,
						"lng": -79.7625901
					}
				}
			},
			"place_id": "ChIJqaUj8fBLzEwRZ5UY3sHGz90",
			"types": [
				"administrative_area_level_1",
				"political"
			]
		},
		{
			"address_components": [
				{
					"long_name": "Verenigde Staten",
					"short_name": "US",
					"types": [
						"country",
						"political"
					]
				}
			],
			"formatted_address": "Verenigde Staten",
			"geometry": {
				"bounds": {
					"northeast": {
						"lat": 71.5388001,
						"lng": -66.885417
					},
					"southwest": {
						"lat": 18.7763,
						"lng": 170.5957
					}
				},
				"location": {
					"lat": 37.09024,
					"lng": -95.712891
				},
				"location_type": "APPROXIMATE",
				"viewport": {
					"northeast": {
						"lat": 71.5388001,
						"lng": -66.885417
					},
					"southwest": {
						"lat": 18.7763,
						"lng": 170.5957
					}
				}
			},
			"place_id": "ChIJCzYy5IS16lQRQrfeQ5K5Oxw",
			"types": [
				"country",
				"political"
			]
		}
	],
	"status": "OK"
}