ShipmentID,TariffName,TariffEffectiveDate,OriginPostalCode,OriginCity,OriginState,OriginCountry,DestinationPostalCode,DestinationCity,DestinationState,DestinationCountry,UseDisc,DiscountApplication,UserMcFloor,UseSingleShipment,RateAdjustmentFactor,OrgDestToGateWayPointFlag,McDiscount,LTL_Surcharge,TL_Surcharge,StopAlternationWeight,SurchargeApplication,WeightBreak_Discount_1,WeightBreak_Discount_2,WeightBreak_Discount_3,WeightBreak_Discount_4,WeightBreak_Discount_5,WeightBreak_Discount_6,WeightBreak_Discount_7,WeightBreak_Discount_8,WeightBreak_Discount_9,WeightBreak_Discount_10,WeightBreak_Discount_11,DetailRecordCount,NmfcClass,Weight
ID#2,DEMOLTLC,20070703,84123,,,USA,80012,,,USA,N,C,,N,,,0,0,0,0,N,0,0,0,0,0,0,0,0,0,0,0,1,100,250
ID#3,DEMOLTLC,20070703,84123,,,USA,42701,,,USA,N,C,,N,,,0,0,0,0,N,0,0,0,0,0,0,0,0,0,0,0,1,100,250
ID#4,DEMOLTLC,20070703,84123,,,USA,37617,,,USA,N,C,,N,,,0,0,0,0,N,0,0,0,0,0,0,0,0,0,0,0,1,100,250
ID#5,DEMOLTLC,20070703,84123,,,USA,40213,,,USA,N,C,,N,,,0,0,0,0,N,0,0,0,0,0,0,0,0,0,0,0,1,100,250
