<?xml version="1.0"?><DataSets><ds1><record el="arr-1" j="a-2"><di>51</di></record><record el="arr-1" j="a-4"><de>8</de><di>90</di></record><record el="arr-1" j="a-5"><di>87</di></record><record el="arr-1" j="a-7"><di>90</di></record><record el="arr-1" j="a-10"><de>9</de><di>66</di></record><record el="arr-2" j="a-1"><d1__>0.5</d1__><d2>1.07</d2></record><record el="arr-2" j="a-2"><d1__>0.963846</d1__></record><record el="arr-2" j="a-3"><d1__>0.248</d1__><d2>1.579363</d2><de>5</de><di>13</di></record><record el="arr-2" j="a-4"><d1__>0.25</d1__><ds>string 🍷,"5</ds><di>73</di></record><record el="arr-2" j="a-5"><d1__>0.112488</d1__><ds>string 🍷,"2</ds><di>86</di></record><record el="arr-2" j="a-6"><d1__>0.1837</d1__><de>10</de></record><record el="arr-2" j="a-7"><d2>1.655178</d2></record><record el="arr-2" j="a-8"><d1__>0.18376</d1__><ds>string 🍷,"5</ds></record><record el="arr-2" j="a-9"><d1__>0.84286</d1__><de>5</de></record><record el="arr-2" j="a-10"><d1__>0.66929</d1__><de>1</de></record><record el="arr-3" j="a-1"><d1__>0.448</d1__><de>4</de><di>99</di></record><record el="arr-3" j="a-2"><d1__>0.4</d1__><de>10</de></record><record el="arr-3" j="a-3"><d1__>0.727</d1__></record><record el="arr-3" j="a-4"><d1__>0.40578</d1__><d2>1.3149</d2></record><record el="arr-3" j="a-5"><d1__>0.509</d1__><ds>string 🍷,"5</ds><di>84</di></record><record el="arr-3" j="a-6"><d1__>0.374</d1__></record><record el="arr-3" j="a-7"><d1__>0.83</d1__></record><record el="arr-3" j="a-8"><d1__>0.9</d1__><de>9</de></record><record el="arr-3" j="a-9"><d1__>0.7849167</d1__><ds>string 🍷,"5</ds><di>49</di></record><record el="arr-3" j="a-10"><d1__>0.953</d1__><ds>string 🍷,"6</ds></record><record el="arr-4" j="a-1"><d1__>0.3629</d1__></record><record el="arr-4" j="a-2"><d1__>0.05813</d1__></record><record el="arr-4" j="a-3"><d1__>0.2</d1__><de>3</de></record><record el="arr-4" j="a-4"><d1__>0.381392</d1__><d2>1.5</d2><ds>string 🍷,"2</ds></record><record el="arr-4" j="a-5"><d1__>0.328</d1__><ds>string 🍷,"1</ds><di>28</di></record><record el="arr-4" j="a-6"><d1__>0.01</d1__><de>6</de></record><record el="arr-4" j="a-7"><d1__>0.45</d1__><di>22</di></record><record el="arr-4" j="a-8"><d1__>0.4119527</d1__><ds>string 🍷,"6</ds></record><record el="arr-4" j="a-9"><d1__>0.3</d1__><d2>1.13</d2><ds>string 🍷,"4</ds></record><record el="arr-4" j="a-10"><d1__>0.8</d1__><de>3</de></record><record el="arr-5" j="a-1"><d1__>0.676</d1__><ds>string 🍷,"1</ds></record><record el="arr-5" j="a-2"><d1__>0.880414</d1__><d2>1.685</d2></record><record el="arr-5" j="a-3"><d1__>0.4</d1__><di>95</di></record><record el="arr-5" j="a-4"><d1__>0.8035753</d1__></record><record el="arr-5" j="a-5"><de>5</de><ds>string 🍷,"3</ds><di>64</di></record><record el="arr-5" j="a-6"><d1__>0.930121</d1__></record><record el="arr-5" j="a-7"><d1__>0.60441</d1__><d2>1.1</d2><de>4</de><ds>string 🍷,"1</ds><di>45</di></record><record el="arr-5" j="a-8"><d1__>0.178</d1__></record><record el="arr-5" j="a-9"><d1__>0.6</d1__><de>7</de><di>36</di></record><record el="arr-5" j="a-10"><d1__>0.912209</d1__></record><record el="arr-6" j="a-1"><de>1</de><ds>string 🍷,"4</ds></record><record el="arr-6" j="a-2"><d1__>0.43</d1__></record><record el="arr-6" j="a-3"><d1__>0.95027</d1__></record><record el="arr-6" j="a-4"><d1__>0.11</d1__></record><record el="arr-6" j="a-5"><d1__>0.7</d1__></record><record el="arr-6" j="a-6"><d1__>1.0</d1__><ds>string 🍷,"2</ds><di>19</di></record><record el="arr-6" j="a-7"><d1__>0.626499</d1__><de>8</de></record><record el="arr-6" j="a-8"><d1__>1.0</d1__><ds>string 🍷,"5</ds></record><record el="arr-6" j="a-9"><d1__>0.354</d1__></record><record el="arr-6" j="a-10"><d1__>0.1</d1__></record><record el="arr-7" j="a-1"><d1__>0.739078</d1__><de>8</de></record><record el="arr-7" j="a-2"><d1__>0.176348</d1__><ds>string 🍷,"5</ds></record><record el="arr-7" j="a-3"><d1__>0.8</d1__><de>5</de></record><record el="arr-7" j="a-4"><d1__>0.43804</d1__><d2>1.4</d2><di>61</di></record><record el="arr-7" j="a-5"><d1__>0.77</d1__><ds>string 🍷,"7</ds></record><record el="arr-7" j="a-6"><d1__>0.35</d1__><ds>string 🍷,"1</ds></record><record el="arr-7" j="a-7"><d1__>0.7</d1__></record><record el="arr-7" j="a-8"><d1__>0.07</d1__><de>6</de></record><record el="arr-7" j="a-9"><d1__>0.354153</d1__><d2>1.1</d2><di>28</di></record><record el="arr-7" j="a-10"><d1__>0.8405</d1__><ds>string 🍷,"0</ds></record><record el="arr-8" j="a-1"><d1__>0.809</d1__></record><record el="arr-8" j="a-2"><d1__>0.0754688</d1__><de>3</de></record><record el="arr-8" j="a-3"><d1__>0.248</d1__></record><record el="arr-8" j="a-4"><d1__>0.25</d1__></record><record el="arr-8" j="a-5"><d1__>0.8</d1__></record><record el="arr-8" j="a-6"><d1__>0.133</d1__></record><record el="arr-8" j="a-7"><d1__>0.363514</d1__><di>21</di></record><record el="arr-8" j="a-8"><d1__>0.41709</d1__><d2>1.59</d2></record><record el="arr-8" j="a-9"><d1__>0.503523</d1__><d2>1.91</d2></record><record el="arr-8" j="a-10"><d1__>0.056605</d1__><de>3</de></record><record el="arr-9" j="a-1"><d1__>0.792041</d1__></record><record el="arr-9" j="a-2"><d1__>0.28</d1__><d2>1.98411</d2></record><record el="arr-9" j="a-3"><di>27</di></record><record el="arr-9" j="a-4"><d1__>0.3328</d1__></record><record el="arr-9" j="a-5"><d1__>0.12</d1__></record><record el="arr-9" j="a-6"><d1__>0.6496</d1__><ds>string 🍷,"5</ds></record><record el="arr-9" j="a-7"><d1__>0.12</d1__></record><record el="arr-9" j="a-8"><d1__>0.775915</d1__><de>8</de><ds>string 🍷,"4</ds><di>62</di></record><record el="arr-9" j="a-9"><d1__>0.33485</d1__></record><record el="arr-9" j="a-10"><d1__>0.5</d1__></record><record el="arr-10" j="a-1"><d1__>0.725984</d1__><de>6</de></record><record el="arr-10" j="a-2"><d1__>0.2</d1__><d2>1.53453</d2><ds>string 🍷,"2</ds></record><record el="arr-10" j="a-3"><d1__>0.862</d1__><di>2</di></record><record el="arr-10" j="a-4"><d1__>1.0</d1__><d2>1.06</d2><de>6</de></record><record el="arr-10" j="a-5"><d1__>0.2</d1__><de>4</de><ds>string 🍷,"1</ds></record><record el="arr-10" j="a-6"><d1__>0.2056213</d1__><d2>1.93967</d2></record><record el="arr-10" j="a-7"><d1__>0.5425</d1__></record><record el="arr-10" j="a-8"><d1__>0.2</d1__></record><record el="arr-10" j="a-9"><d1__>0.303331</d1__></record><record el="arr-10" j="a-10"><d1__>0.7005</d1__></record><record el="arr-11" j="a-1"><d1__>0.525</d1__><d2>1.3715</d2></record><record el="arr-11" j="a-2"><d1__>0.91</d1__><de>6</de><di>51</di></record><record el="arr-11" j="a-3"><d1__>0.298885</d1__></record><record el="arr-11" j="a-4"><d1__>0.050236</d1__></record><record el="arr-11" j="a-5"><d1__>0.9</d1__><de>2</de><ds>string 🍷,"3</ds></record><record el="arr-11" j="a-6"><d1__>1.0</d1__><de>7</de><ds>string 🍷,"5</ds><di>83</di></record><record el="arr-11" j="a-7"><d1__>0.7</d1__><de>4</de><di>53</di></record><record el="arr-11" j="a-8"><d1__>0.5404</d1__></record><record el="arr-11" j="a-9"><d1__>0.72</d1__></record><record el="arr-11" j="a-10"><de>2</de><ds>string 🍷,"6</ds></record><record el="arr-12" j="a-1"><d1__>0.2588</d1__></record><record el="arr-12" j="a-2"><d1__>0.1</d1__></record><record el="arr-12" j="a-3"><d1__>1.0</d1__></record><record el="arr-12" j="a-4"><d1__>0.94221</d1__><ds>string 🍷,"1</ds></record><record el="arr-12" j="a-5"><d1__>0.57</d1__></record><record el="arr-12" j="a-6"><d1__>0.635487</d1__><de>6</de><ds>string 🍷,"4</ds></record><record el="arr-12" j="a-7"><d1__>0.5</d1__><d2>1.6235</d2><ds>string 🍷,"3</ds></record><record el="arr-12" j="a-8"><d1__>0.4148</d1__><d2>1.504</d2></record><record el="arr-12" j="a-9"><d1__>0.5</d1__></record><record el="arr-12" j="a-10"><d1__>0.0184</d1__><d2>1.9199999999999998</d2></record><record el="arr-13" j="a-1"><d1__>0.06</d1__><di>49</di></record><record el="arr-13" j="a-2"><d1__>0.2</d1__><de>2</de><ds>string 🍷,"1</ds><di>93</di></record><record el="arr-13" j="a-3"><d1__>0.679867</d1__><d2>1.940985</d2><di>91</di></record><record el="arr-13" j="a-4"><d1__>0.1402</d1__><d2>1.8</d2></record><record el="arr-13" j="a-5"><d1__>0.83</d1__></record><record el="arr-13" j="a-6"><d1__>1.0</d1__><d2>1.1</d2></record><record el="arr-13" j="a-7"><d1__>0.571739</d1__></record><record el="arr-13" j="a-8"><d1__>0.7927026</d1__><d2>1.286</d2><ds>string 🍷,"1</ds></record><record el="arr-13" j="a-9"><d1__>0.781</d1__><d2>1.4</d2><di>87</di></record><record el="arr-13" j="a-10"><d1__>0.66892</d1__><de>3</de><di>37</di></record><record el="arr-14" j="a-1"><d1__>0.1</d1__><d2>1.172087</d2><di>73</di></record><record el="arr-14" j="a-2"><d1__>0.8</d1__><d2>1.3326</d2><di>93</di></record><record el="arr-14" j="a-3"><d1__>0.7</d1__></record><record el="arr-14" j="a-4"><d1__>0.3259301</d1__><d2>1.141404</d2><ds>string 🍷,"2</ds></record><record el="arr-14" j="a-5"><d1__>0.9381</d1__></record><record el="arr-14" j="a-6"><d1__>0.6363</d1__><d2>1.4</d2><ds>string 🍷,"4</ds></record><record el="arr-14" j="a-7"><d1__>1.0</d1__><ds>string 🍷,"3</ds><di>26</di></record><record el="arr-14" j="a-8"><d1__>0.069292</d1__><de>7</de></record><record el="arr-14" j="a-9"><d1__>0.0616</d1__><ds>string 🍷,"4</ds></record><record el="arr-14" j="a-10"><d1__>0.8564533</d1__><d2>1.9</d2><ds>string 🍷,"3</ds></record><record el="arr-15" j="a-1"><d2>1.422</d2><di>7</di></record><record el="arr-15" j="a-2"><d1__>1.0</d1__><de>10</de></record><record el="arr-15" j="a-3"><d1__>0.35619</d1__><d2>1.0</d2></record><record el="arr-15" j="a-4"><d1__>0.31</d1__><ds>string 🍷,"0</ds></record><record el="arr-15" j="a-5"><d1__>0.8595</d1__></record><record el="arr-15" j="a-6"><d1__>0.9</d1__></record><record el="arr-15" j="a-7"><d1__>0.31239</d1__></record><record el="arr-15" j="a-8"><d1__>0.9082</d1__><ds>string 🍷,"5</ds></record><record el="arr-15" j="a-9"><d1__>0.592511</d1__><ds>string 🍷,"6</ds></record><record el="arr-15" j="a-10"><d1__>0.35569</d1__><d2>1.77969</d2><de>2</de></record><record el="arr-16" j="a-1"><d1__>0.502537</d1__><di>37</di></record><record el="arr-16" j="a-2"><d1__>0.284</d1__><di>95</di></record><record el="arr-16" j="a-3"><d1__>1.0</d1__><de>8</de><di>52</di></record><record el="arr-16" j="a-4"><d1__>0.25122</d1__><de>6</de><di>30</di></record><record el="arr-16" j="a-5"><d1__>0.70764</d1__><ds>string 🍷,"4</ds><di>73</di></record><record el="arr-16" j="a-6"><d1__>0.49</d1__><de>10</de></record><record el="arr-16" j="a-7"><d1__>0.8</d1__><d2>1.9049</d2></record><record el="arr-16" j="a-8"><d1__>0.8</d1__><ds>string 🍷,"5</ds></record><record el="arr-16" j="a-9"><d1__>0.99</d1__><de>8</de></record><record el="arr-16" j="a-10"><d1__>0.35457</d1__><d2>1.2</d2></record><record el="arr-17" j="a-1"><d1__>0.97</d1__></record><record el="arr-17" j="a-2"><d1__>0.59108</d1__></record><record el="arr-17" j="a-3"><d1__>0.3652</d1__></record><record el="arr-17" j="a-4"><d1__>0.762061</d1__></record><record el="arr-17" j="a-5"><d1__>0.49</d1__><de>2</de><ds>string 🍷,"3</ds><di>39</di></record><record el="arr-17" j="a-6"><d1__>0.7</d1__><di>30</di></record><record el="arr-17" j="a-7"><d1__>0.2136</d1__><d2>1.5272</d2><de>6</de><ds>string 🍷,"4</ds></record><record el="arr-17" j="a-8"><d1__>0.601559</d1__><de>7</de></record><record el="arr-17" j="a-9"><d1__>0.938</d1__><de>2</de></record><record el="arr-17" j="a-10"><d1__>0.4872</d1__></record><record el="arr-18" j="a-1"><d1__>0.993</d1__><di>23</di></record><record el="arr-18" j="a-2"><d1__>0.2276</d1__><d2>1.071703</d2></record><record el="arr-18" j="a-3"><d1__>0.51</d1__><de>5</de><ds>string 🍷,"3</ds></record><record el="arr-18" j="a-4"><d1__>0.8</d1__><di>56</di></record><record el="arr-18" j="a-5"><d1__>0.75</d1__><d2>1.0753</d2><ds>string 🍷,"0</ds></record><record el="arr-18" j="a-6"><d1__>0.231</d1__><de>8</de></record><record el="arr-18" j="a-7"><d1__>0.701068</d1__><di>84</di></record><record el="arr-18" j="a-8"><d1__>0.1580193</d1__><d2>1.415057</d2><de>7</de></record><record el="arr-18" j="a-9"><d1__>0.32297</d1__></record><record el="arr-18" j="a-10"><d1__>0.0796</d1__></record><record el="arr-19" j="a-1"><d1__>1.0</d1__><d2>1.851885</d2><di>61</di></record><record el="arr-19" j="a-2"><d1__>0.5212</d1__><ds>string 🍷,"1</ds></record><record el="arr-19" j="a-3"><d1__>1.0</d1__><d2>1.1</d2><de>6</de></record><record el="arr-19" j="a-4"><d1__>0.665221</d1__><di>84</di></record><record el="arr-19" j="a-5"><d1__>0.6634</d1__></record><record el="arr-19" j="a-6"><d1__>0.60804</d1__><de>6</de></record><record el="arr-19" j="a-7"><d1__>1.0</d1__><de>10</de><ds>string 🍷,"0</ds><di>5</di></record><record el="arr-19" j="a-8"><d1__>0.6814</d1__></record><record el="arr-19" j="a-9"><d1__>1.0</d1__></record><record el="arr-19" j="a-10"><d1__>0.91</d1__><de>9</de><ds>string 🍷,"4</ds></record><record el="arr-20" j="a-1"><d1__>0.5088</d1__></record><record el="arr-20" j="a-2"><d1__>0.12</d1__><di>76</di></record><record el="arr-20" j="a-3"><d1__>0.237</d1__><d2>1.08123</d2><di>66</di></record><record el="arr-20" j="a-4"><d1__>0.67549</d1__><de>9</de></record><record el="arr-20" j="a-5"><d1__>0.46217</d1__><d2>1.510344</d2></record><record el="arr-20" j="a-6"><d1__>0.62576</d1__><d2>1.384409</d2></record><record el="arr-20" j="a-7"><d1__>0.53224</d1__></record><record el="arr-20" j="a-8"><d1__>0.0596</d1__><di>14</di></record><record el="arr-20" j="a-9"><d1__>0.339637</d1__><d2>1.168</d2><ds>string 🍷,"7</ds></record><record el="arr-20" j="a-10"><d1__>0.9</d1__><di>64</di></record><record el="arr-21" j="a-1"><ds>string 🍷,"6</ds></record><record el="arr-21" j="a-2"><d1__>1.0</d1__><de>3</de></record><record el="arr-21" j="a-3"><d1__>0.34</d1__><de>9</de><ds>string 🍷,"5</ds></record><record el="arr-21" j="a-4"><d1__>0.35</d1__></record><record el="arr-21" j="a-5"><d1__>0.59</d1__><ds>string 🍷,"5</ds><di>48</di></record><record el="arr-21" j="a-6"><d1__>0.07</d1__><ds>string 🍷,"0</ds></record><record el="arr-21" j="a-7"><d1__>0.901</d1__></record><record el="arr-21" j="a-8"><d1__>0.9</d1__></record><record el="arr-21" j="a-9"><d1__>0.784</d1__><di>18</di></record><record el="arr-21" j="a-10"><d1__>0.1</d1__><de>6</de></record><record el="arr-22" j="a-1"><d1__>0.96</d1__><d2>1.477</d2></record><record el="arr-22" j="a-2"><d1__>0.33</d1__><d2>1.0515</d2></record><record el="arr-22" j="a-3"><d1__>0.8</d1__><de>5</de><ds>string 🍷,"7</ds><di>56</di></record><record el="arr-22" j="a-4"><d1__>0.048</d1__><ds>string 🍷,"5</ds></record><record el="arr-22" j="a-6"><d1__>0.42</d1__></record><record el="arr-22" j="a-7"><d1__>0.4</d1__><ds>string 🍷,"6</ds></record><record el="arr-22" j="a-8"><d1__>0.91335</d1__><di>85</di></record><record el="arr-22" j="a-9"><ds>string 🍷,"5</ds></record><record el="arr-22" j="a-10"><d1__>0.43368</d1__><di>65</di></record><record el="arr-23" j="a-1"><d1__>0.561</d1__><de>8</de></record><record el="arr-23" j="a-2"><d1__>0.859</d1__><de>4</de></record><record el="arr-23" j="a-3"><d1__>0.55332</d1__><di>54</di></record><record el="arr-23" j="a-4"><d1__>0.035973</d1__></record><record el="arr-23" j="a-5"><d1__>0.75</d1__><de>1</de><ds>string 🍷,"0</ds></record><record el="arr-23" j="a-6"><d1__>0.155</d1__><de>10</de><di>61</di></record><record el="arr-23" j="a-7"><d1__>0.59</d1__><d2>1.5005</d2></record><record el="arr-23" j="a-8"><d1__>0.3037</d1__></record><record el="arr-23" j="a-9"><d1__>1.0</d1__><ds>string 🍷,"3</ds></record><record el="arr-23" j="a-10"><d1__>0.080248</d1__><d2>1.48292</d2><de>8</de><ds>string 🍷,"4</ds></record><record el="arr-24" j="a-1"><d1__>0.9788584</d1__><d2>1.45</d2><ds>string 🍷,"2</ds></record><record el="arr-24" j="a-2"><d1__>0.181927</d1__><ds>string 🍷,"2</ds></record><record el="arr-24" j="a-3"><d1__>0.7064</d1__></record><record el="arr-24" j="a-4"><d1__>0.15</d1__><d2>1.872789</d2><ds>string 🍷,"3</ds><di>16</di></record><record el="arr-24" j="a-5"><d1__>0.9</d1__><d2>1.35</d2><di>69</di></record><record el="arr-24" j="a-6"><d1__>0.308616</d1__></record><record el="arr-24" j="a-7"><d1__>1.0</d1__><ds>string 🍷,"0</ds><di>17</di></record><record el="arr-24" j="a-8"><d1__>0.2086</d1__></record><record el="arr-24" j="a-9"><d1__>0.9</d1__></record><record el="arr-24" j="a-10"><d1__>0.8</d1__><d2>1.0</d2></record><record el="arr-25" j="a-1"><d1__>0.71</d1__></record><record el="arr-25" j="a-2"><d1__>0.518882</d1__></record><record el="arr-25" j="a-3"><d1__>0.7</d1__><de>10</de><ds>string 🍷,"5</ds></record><record el="arr-25" j="a-4"><d1__>0.3</d1__><d2>1.76532</d2><de>2</de><ds>string 🍷,"2</ds></record><record el="arr-25" j="a-5"><d1__>0.23</d1__><ds>string 🍷,"3</ds></record><record el="arr-25" j="a-6"><d1__>0.50447</d1__></record><record el="arr-25" j="a-7"><d1__>0.9984</d1__><di>31</di></record><record el="arr-25" j="a-8"><d1__>0.60126</d1__><de>5</de><di>32</di></record><record el="arr-25" j="a-9"><d1__>0.6</d1__></record><record el="arr-25" j="a-10"><d1__>0.708689</d1__></record><record el="arr-26" j="a-1"><d1__>0.629</d1__><de>6</de><di>47</di></record><record el="arr-26" j="a-2"><d1__>0.32</d1__><di>49</di></record><record el="arr-26" j="a-3"><d1__>0.9123</d1__><d2>1.2</d2></record><record el="arr-26" j="a-4"><d1__>0.2803</d1__><de>7</de><di>59</di></record><record el="arr-26" j="a-5"><d1__>0.5045</d1__><de>7</de><di>41</di></record><record el="arr-26" j="a-6"><d1__>0.44088</d1__><de>5</de><ds>string 🍷,"7</ds></record><record el="arr-26" j="a-7"><d1__>0.13</d1__><di>97</di></record><record el="arr-26" j="a-8"><d1__>0.607136</d1__><ds>string 🍷,"4</ds></record><record el="arr-26" j="a-9"><d1__>0.4419</d1__><ds>string 🍷,"5</ds><di>3</di></record><record el="arr-26" j="a-10"><d1__>0.8</d1__></record><record el="arr-27" j="a-1"><ds>string 🍷,"6</ds></record><record el="arr-27" j="a-2"><d1__>0.58467</d1__><ds>string 🍷,"2</ds><di>92</di></record><record el="arr-27" j="a-3"><d1__>0.6429</d1__></record><record el="arr-27" j="a-4"><d1__>0.15346</d1__></record><record el="arr-27" j="a-5"><d1__>0.232351</d1__><di>57</di></record><record el="arr-27" j="a-6"><d1__>0.69303</d1__></record><record el="arr-27" j="a-7"><d1__>0.585</d1__><d2>1.696</d2><ds>string 🍷,"5</ds></record><record el="arr-27" j="a-8"><d1__>0.91</d1__><de>8</de><ds>string 🍷,"2</ds></record><record el="arr-27" j="a-9"><d1__>0.735374</d1__><d2>1.1</d2></record><record el="arr-27" j="a-10"><d1__>1.0</d1__><d2>1.431</d2><de>3</de></record><record el="arr-28" j="a-1"><d1__>0.457551</d1__><d2>1.47832</d2><di>78</di></record><record el="arr-28" j="a-2"><d1__>0.905</d1__><de>8</de><ds>string 🍷,"1</ds></record><record el="arr-28" j="a-3"><d1__>0.56629</d1__></record><record el="arr-28" j="a-4"><d1__>0.5868</d1__></record><record el="arr-28" j="a-5"><d1__>1.0</d1__><de>3</de></record><record el="arr-28" j="a-6"><d1__>0.54</d1__><di>96</di></record><record el="arr-28" j="a-7"><d1__>0.8128</d1__><di>72</di></record><record el="arr-28" j="a-8"><d1__>0.0825</d1__><di>67</di></record><record el="arr-28" j="a-9"><d1__>0.6006</d1__></record><record el="arr-28" j="a-10"><d1__>0.06</d1__></record><record el="arr-29" j="a-1"><d1__>0.485438</d1__><ds>string 🍷,"6</ds><di>45</di></record><record el="arr-29" j="a-2"><d1__>0.3</d1__><d2>1.351</d2><ds>string 🍷,"4</ds></record><record el="arr-29" j="a-3"><d1__>0.5027</d1__><di>12</di></record><record el="arr-29" j="a-4"><d1__>0.30923</d1__></record><record el="arr-29" j="a-5"><d1__>0.54</d1__><d2>1.2208</d2></record><record el="arr-29" j="a-6"><d1__>0.481</d1__><ds>string 🍷,"5</ds></record><record el="arr-29" j="a-7"><d1__>0.46</d1__><d2>1.9</d2><di>65</di></record><record el="arr-29" j="a-8"><d1__>0.2</d1__><de>8</de><di>48</di></record><record el="arr-29" j="a-9"><d1__>0.2408</d1__><di>52</di></record><record el="arr-29" j="a-10"><d1__>0.73</d1__></record><record el="arr-30" j="a-1"><d1__>0.9</d1__><de>3</de></record><record el="arr-30" j="a-2"><d1__>0.98</d1__></record><record el="arr-30" j="a-3"><d1__>0.6263</d1__><ds>string 🍷,"3</ds></record><record el="arr-30" j="a-4"><d1__>0.86</d1__><di>26</di></record><record el="arr-30" j="a-5"><d1__>0.4786401</d1__><d2>1.1646681</d2></record><record el="arr-30" j="a-6"><d1__>0.9</d1__></record><record el="arr-30" j="a-7"><d1__>0.635</d1__><d2>1.624</d2></record><record el="arr-30" j="a-8"><d1__>0.92658</d1__><d2>1.6533</d2><de>10</de></record><record el="arr-30" j="a-9"><d1__>0.623203</d1__><de>2</de><di>52</di></record><record el="arr-30" j="a-10"><d1__>0.56</d1__></record><record el="arr-31" j="a-2"><de>2</de></record><record el="arr-31" j="a-3"><d1__>0.9397</d1__><d2>1.89</d2></record><record el="arr-31" j="a-4"><d1__>0.3</d1__><de>8</de><di>18</di></record><record el="arr-31" j="a-5"><d1__>0.92</d1__></record><record el="arr-31" j="a-6"><d1__>0.7885407</d1__><ds>string 🍷,"2</ds></record><record el="arr-31" j="a-7"><d1__>0.73</d1__><d2>1.88</d2></record><record el="arr-31" j="a-8"><d1__>0.74962</d1__><ds>string 🍷,"6</ds></record><record el="arr-31" j="a-9"><d1__>0.0172</d1__></record><record el="arr-31" j="a-10"><d1__>0.541618</d1__><di>37</di></record><record el="arr-32" j="a-1"><d1__>0.915</d1__></record><record el="arr-32" j="a-2"><d1__>0.19</d1__><ds>string 🍷,"3</ds></record><record el="arr-32" j="a-3"><d1__>0.1</d1__><d2>1.177855</d2><ds>string 🍷,"2</ds></record><record el="arr-32" j="a-4"><d1__>0.5074</d1__><ds>string 🍷,"1</ds><di>58</di></record><record el="arr-32" j="a-5"><d1__>0.9984</d1__><de>2</de><ds>string 🍷,"3</ds><di>56</di></record><record el="arr-32" j="a-6"><d1__>1.0</d1__></record><record el="arr-32" j="a-7"><d1__>0.9742</d1__><de>3</de><di>92</di></record><record el="arr-32" j="a-8"><d1__>0.56906</d1__><d2>1.7</d2><de>9</de></record><record el="arr-32" j="a-9"><d1__>1.0</d1__><ds>string 🍷,"6</ds></record><record el="arr-32" j="a-10"><d1__>0.368119</d1__><d2>1.576095</d2><ds>string 🍷,"5</ds></record><record el="arr-33" j="a-1"><d1__>0.2</d1__><de>7</de></record><record el="arr-33" j="a-2"><d1__>0.9691718</d1__><d2>1.447</d2></record><record el="arr-33" j="a-3"><d1__>0.7</d1__></record><record el="arr-33" j="a-4"><d1__>0.2069434</d1__><de>4</de><ds>string 🍷,"2</ds><di>73</di></record><record el="arr-33" j="a-5"><d1__>1.0</d1__></record><record el="arr-33" j="a-6"><d1__>0.769324</d1__><di>51</di></record><record el="arr-33" j="a-7"><d1__>0.6</d1__></record><record el="arr-33" j="a-8"><d1__>0.7</d1__><ds>string 🍷,"6</ds></record><record el="arr-33" j="a-9"><d1__>0.5042447</d1__><d2>1.279578</d2><de>1</de></record><record el="arr-33" j="a-10"><d1__>0.4</d1__><d2>1.0</d2></record><record el="arr-34" j="a-1"><d1__>0.52</d1__></record><record el="arr-34" j="a-2"><d1__>0.42829</d1__><di>48</di></record><record el="arr-34" j="a-3"><d1__>1.0</d1__><d2>1.0</d2></record><record el="arr-34" j="a-4"><d1__>0.596461</d1__><d2>1.0</d2></record><record el="arr-34" j="a-5"><d1__>0.52327</d1__></record><record el="arr-34" j="a-6"><d1__>0.9</d1__></record><record el="arr-34" j="a-7"><d1__>0.05241</d1__><de>4</de><ds>string 🍷,"2</ds></record><record el="arr-34" j="a-8"><d1__>0.1173</d1__></record><record el="arr-34" j="a-10"><d1__>0.61</d1__><ds>string 🍷,"0</ds></record><record el="arr-35" j="a-1"><d1__>0.4414586</d1__></record><record el="arr-35" j="a-2"><d1__>0.88</d1__><di>42</di></record><record el="arr-35" j="a-3"><d1__>0.655</d1__></record><record el="arr-35" j="a-4"><d1__>0.265</d1__></record><record el="arr-35" j="a-5"><d1__>0.1997</d1__><d2>1.45</d2></record><record el="arr-35" j="a-6"><d1__>0.91</d1__><d2>1.8</d2><ds>string 🍷,"5</ds></record><record el="arr-35" j="a-7"><d1__>0.75765</d1__><di>77</di></record><record el="arr-35" j="a-8"><d1__>0.4428</d1__><de>9</de><di>27</di></record><record el="arr-35" j="a-9"><d1__>0.5</d1__><d2>1.79</d2><ds>string 🍷,"0</ds></record><record el="arr-35" j="a-10"><de>5</de></record><record el="arr-36" j="a-1"><d1__>0.6</d1__></record><record el="arr-36" j="a-2"><d1__>0.22</d1__><de>8</de><ds>string 🍷,"5</ds><di>52</di></record><record el="arr-36" j="a-3"><d1__>0.4011</d1__></record><record el="arr-36" j="a-4"><d2>1.44128</d2><di>97</di></record><record el="arr-36" j="a-5"><d1__>0.835</d1__></record><record el="arr-36" j="a-6"><d1__>0.6</d1__><ds>string 🍷,"1</ds></record><record el="arr-36" j="a-7"><d1__>0.259</d1__></record><record el="arr-36" j="a-8"><d1__>0.9624</d1__><di>8</di></record><record el="arr-36" j="a-9"><d1__>0.597505</d1__></record><record el="arr-37" j="a-1"><d1__>0.8</d1__></record><record el="arr-37" j="a-2"><d1__>0.5</d1__><de>3</de></record><record el="arr-37" j="a-3"><d1__>0.602</d1__></record><record el="arr-37" j="a-4"><d1__>0.97</d1__><ds>string 🍷,"2</ds></record><record el="arr-37" j="a-5"><d1__>0.1925</d1__><ds>string 🍷,"6</ds><di>19</di></record><record el="arr-37" j="a-6"><d1__>0.4</d1__><d2>1.7</d2><ds>string 🍷,"7</ds></record><record el="arr-37" j="a-7"><d1__>0.16</d1__><ds>string 🍷,"7</ds></record><record el="arr-37" j="a-8"><d1__>0.47</d1__><ds>string 🍷,"6</ds></record><record el="arr-37" j="a-9"><d1__>0.46467</d1__><d2>2.0</d2><de>9</de><di>91</di></record><record el="arr-37" j="a-10"><d1__>0.17864</d1__></record><record el="arr-38" j="a-1"><d1__>0.17418</d1__><d2>1.994</d2><ds>string 🍷,"5</ds></record><record el="arr-38" j="a-2"><d1__>0.7023416</d1__><de>3</de></record><record el="arr-38" j="a-3"><d1__>0.0489037</d1__><d2>1.75</d2><de>8</de><di>63</di></record><record el="arr-38" j="a-4"><d1__>0.6816321</d1__></record><record el="arr-38" j="a-5"><d1__>0.19272</d1__></record><record el="arr-38" j="a-6"><d1__>0.67</d1__><d2>1.86</d2></record><record el="arr-38" j="a-7"><d1__>0.5546449</d1__><di>8</di></record><record el="arr-38" j="a-8"><d1__>0.54398</d1__></record><record el="arr-38" j="a-9"><d1__>0.37</d1__></record><record el="arr-38" j="a-10"><d1__>0.8</d1__><de>7</de></record><record el="arr-39" j="a-1"><d1__>0.60173</d1__><d2>1.2630000000000002</d2><de>10</de><ds>string 🍷,"1</ds></record><record el="arr-39" j="a-2"><d1__>0.1</d1__><di>62</di></record><record el="arr-39" j="a-3"><d1__>0.438</d1__></record><record el="arr-39" j="a-4"><d1__>0.2</d1__></record><record el="arr-39" j="a-5"><d1__>0.9</d1__></record><record el="arr-39" j="a-6"><d1__>0.705143</d1__><ds>string 🍷,"5</ds></record><record el="arr-39" j="a-7"><d1__>0.9</d1__><d2>1.6353791</d2><di>90</di></record><record el="arr-39" j="a-8"><d1__>0.63418</d1__></record><record el="arr-39" j="a-9"><d2>1.4</d2><de>8</de></record><record el="arr-39" j="a-10"><d1__>0.42568</d1__><d2>1.9</d2><di>30</di></record><record el="arr-40" j="a-1"><d1__>0.1</d1__><de>4</de><ds>string 🍷,"2</ds><di>97</di></record><record el="arr-40" j="a-2"><d1__>0.02</d1__><d2>1.86891</d2><di>38</di></record><record el="arr-40" j="a-3"><d1__>0.009782</d1__><de>3</de></record><record el="arr-40" j="a-4"><d1__>0.277401</d1__><d2>1.9</d2><de>1</de></record><record el="arr-40" j="a-5"><d1__>0.2259831</d1__><di>10</di></record><record el="arr-40" j="a-6"><d1__>0.6</d1__><ds>string 🍷,"4</ds></record><record el="arr-40" j="a-7"><d1__>1.0</d1__><di>6</di></record><record el="arr-40" j="a-8"><d1__>0.724</d1__></record><record el="arr-40" j="a-9"><d1__>0.67852</d1__></record><record el="arr-40" j="a-10"><d1__>0.48</d1__></record><record el="arr-41" j="a-1"><d1__>0.184</d1__><d2>1.7</d2><ds>string 🍷,"1</ds></record><record el="arr-41" j="a-2"><d1__>0.444</d1__></record><record el="arr-41" j="a-3"><d1__>0.4551</d1__><de>3</de></record><record el="arr-41" j="a-4"><d1__>0.105</d1__><de>6</de></record><record el="arr-41" j="a-5"><d1__>0.02</d1__><d2>1.368</d2></record><record el="arr-41" j="a-6"><d1__>0.803</d1__></record><record el="arr-41" j="a-7"><d1__>0.75</d1__><ds>string 🍷,"1</ds></record><record el="arr-41" j="a-8"><d1__>0.935027</d1__><de>4</de></record><record el="arr-41" j="a-9"><d1__>0.211205</d1__><d2>1.79286</d2></record><record el="arr-41" j="a-10"><d1__>0.033758</d1__></record><record el="arr-42" j="a-1"><d1__>0.44902</d1__></record><record el="arr-42" j="a-2"><de>3</de><ds>string 🍷,"3</ds></record><record el="arr-42" j="a-3"><d1__>0.042</d1__></record><record el="arr-42" j="a-4"><d1__>0.1781</d1__><ds>string 🍷,"3</ds></record><record el="arr-42" j="a-5"><d1__>0.71679</d1__><de>3</de></record><record el="arr-42" j="a-6"><d1__>0.4308462</d1__></record><record el="arr-42" j="a-7"><d1__>0.4991</d1__></record><record el="arr-42" j="a-8"><d1__>0.414849</d1__></record><record el="arr-42" j="a-9"><d1__>0.037666</d1__><d2>1.781</d2></record><record el="arr-42" j="a-10"><d1__>0.196</d1__></record><record el="arr-43" j="a-1"><d1__>0.27</d1__></record><record el="arr-43" j="a-2"><d1__>0.8061</d1__></record><record el="arr-43" j="a-3"><d1__>0.2</d1__><de>7</de><di>88</di></record><record el="arr-43" j="a-4"><d1__>0.5184</d1__><d2>1.9821</d2><di>45</di></record><record el="arr-43" j="a-5"><d2>1.8</d2></record><record el="arr-43" j="a-6"><d1__>0.7008</d1__><di>16</di></record><record el="arr-43" j="a-7"><d1__>0.4707</d1__><d2>1.9444394</d2><de>2</de><ds>string 🍷,"4</ds><di>25</di></record><record el="arr-43" j="a-8"><d1__>0.199</d1__><d2>1.9964</d2><de>2</de></record><record el="arr-43" j="a-9"><d1__>0.6666968</d1__></record><record el="arr-43" j="a-10"><d1__>0.78</d1__><d2>1.2</d2><ds>string 🍷,"1</ds><di>57</di></record><record el="arr-44" j="a-1"><d1__>0.392</d1__><ds>string 🍷,"7</ds><di>96</di></record><record el="arr-44" j="a-2"><d1__>0.38488</d1__></record><record el="arr-44" j="a-3"><d1__>0.596489</d1__></record><record el="arr-44" j="a-4"><d1__>0.540532</d1__></record><record el="arr-44" j="a-5"><d1__>0.871848</d1__><de>5</de><ds>string 🍷,"2</ds></record><record el="arr-44" j="a-6"><d1__>0.6971</d1__></record><record el="arr-44" j="a-7"><di>7</di></record><record el="arr-44" j="a-8"><d1__>0.27</d1__><de>8</de><ds>string 🍷,"7</ds></record><record el="arr-44" j="a-9"><d1__>0.597</d1__><de>6</de></record><record el="arr-44" j="a-10"><d1__>0.311</d1__></record><record el="arr-45" j="a-1"><d1__>0.789123</d1__></record><record el="arr-45" j="a-2"><d1__>0.277</d1__><ds>string 🍷,"1</ds></record><record el="arr-45" j="a-3"><d1__>0.6</d1__><di>42</di></record><record el="arr-45" j="a-4"><d1__>0.312682</d1__><d2>1.2</d2><ds>string 🍷,"3</ds></record><record el="arr-45" j="a-5"><d1__>0.7746</d1__></record><record el="arr-45" j="a-6"><d1__>0.69651</d1__></record><record el="arr-45" j="a-7"><d1__>1.0</d1__><d2>1.1742200000000003</d2><ds>string 🍷,"4</ds></record><record el="arr-45" j="a-8"><de>1</de></record><record el="arr-45" j="a-9"><d1__>0.2</d1__><ds>string 🍷,"5</ds></record><record el="arr-45" j="a-10"><d1__>0.875</d1__><d2>1.895774</d2></record><record el="arr-46" j="a-1"><d1__>0.3594</d1__><de>5</de></record><record el="arr-46" j="a-2"><d1__>0.31552</d1__><d2>1.43052</d2></record><record el="arr-46" j="a-3"><d1__>0.917956</d1__><ds>string 🍷,"2</ds></record><record el="arr-46" j="a-4"><d1__>0.12</d1__></record><record el="arr-46" j="a-5"><d1__>0.94</d1__><ds>string 🍷,"6</ds></record><record el="arr-46" j="a-6"><d1__>1.0</d1__><d2>1.0</d2><ds>string 🍷,"6</ds><di>54</di></record><record el="arr-46" j="a-7"><di>58</di></record><record el="arr-46" j="a-8"><d1__>0.142</d1__></record><record el="arr-46" j="a-9"><d1__>0.30634</d1__><de>10</de><ds>string 🍷,"5</ds><di>18</di></record><record el="arr-46" j="a-10"><d1__>0.1389</d1__></record><record el="arr-47" j="a-1"><d1__>0.142</d1__><d2>1.595</d2><ds>string 🍷,"1</ds></record><record el="arr-47" j="a-2"><d1__>0.8507</d1__><de>3</de></record><record el="arr-47" j="a-3"><d1__>0.7246</d1__><ds>string 🍷,"1</ds><di>4</di></record><record el="arr-47" j="a-4"><d1__>0.1</d1__><ds>string 🍷,"6</ds><di>41</di></record><record el="arr-47" j="a-5"><d1__>0.658713</d1__><d2>1.3614545999999999</d2><ds>string 🍷,"5</ds></record><record el="arr-47" j="a-6"><d1__>0.78</d1__><d2>1.5</d2><di>34</di></record><record el="arr-47" j="a-7"><d1__>0.1624</d1__></record><record el="arr-47" j="a-8"><d1__>0.6</d1__><ds>string 🍷,"0</ds></record><record el="arr-47" j="a-9"><d1__>0.28064</d1__><de>2</de><di>39</di></record><record el="arr-47" j="a-10"><d1__>0.2915215</d1__><d2>1.7719100000000004</d2></record><record el="arr-48" j="a-1"><d1__>0.7009</d1__></record><record el="arr-48" j="a-2"><d1__>0.2</d1__><d2>1.07</d2></record><record el="arr-48" j="a-3"><d1__>0.5</d1__><de>2</de><ds>string 🍷,"5</ds><di>23</di></record><record el="arr-48" j="a-4"><d1__>0.4666</d1__><de>9</de></record><record el="arr-48" j="a-5"><d1__>0.51703</d1__><d2>1.2457</d2><ds>string 🍷,"7</ds></record><record el="arr-48" j="a-6"><d1__>0.0979483</d1__></record><record el="arr-48" j="a-7"><d1__>0.04517</d1__><de>5</de><ds>string 🍷,"7</ds></record><record el="arr-48" j="a-8"><d1__>0.8856</d1__><de>9</de><ds>string 🍷,"2</ds></record><record el="arr-48" j="a-9"><d1__>0.9</d1__></record><record el="arr-48" j="a-10"><d1__>0.3292</d1__><ds>string 🍷,"5</ds></record><record el="arr-49" j="a-1"><d1__>0.10636</d1__><de>5</de></record><record el="arr-49" j="a-2"><d1__>0.513</d1__><ds>string 🍷,"4</ds><di>82</di></record><record el="arr-49" j="a-3"><d1__>0.5160511</d1__></record><record el="arr-49" j="a-4"><d1__>0.73</d1__><ds>string 🍷,"5</ds></record><record el="arr-49" j="a-5"><d1__>0.286</d1__><ds>string 🍷,"2</ds></record><record el="arr-49" j="a-6"><d1__>0.264517</d1__><de>5</de></record><record el="arr-49" j="a-7"><d1__>0.3388</d1__><ds>string 🍷,"1</ds></record><record el="arr-49" j="a-8"><d1__>0.716</d1__><ds>string 🍷,"2</ds></record><record el="arr-49" j="a-9"><d1__>0.8</d1__></record><record el="arr-49" j="a-10"><d1__>0.22123</d1__><ds>string 🍷,"6</ds><di>55</di></record><record el="arr-50" j="a-1"><d1__>0.6359</d1__><de>4</de></record><record el="arr-50" j="a-2"><d1__>0.3</d1__></record><record el="arr-50" j="a-3"><d1__>0.828</d1__><d2>1.41</d2></record><record el="arr-50" j="a-4"><d1__>0.5774</d1__><d2>1.4885</d2></record><record el="arr-50" j="a-5"><d1__>0.833685</d1__><ds>string 🍷,"2</ds></record><record el="arr-50" j="a-6"><d1__>0.5</d1__></record><record el="arr-50" j="a-7"><de>2</de></record><record el="arr-50" j="a-8"><d1__>0.427</d1__></record><record el="arr-50" j="a-9"><d1__>0.2</d1__><de>10</de><ds>string 🍷,"1</ds></record><record el="arr-50" j="a-10"><d1__>0.6832681</d1__><de>10</de></record><record el="arr-51" j="a-1"><d1__>0.86</d1__><di>13</di></record><record el="arr-51" j="a-2"><d1__>0.67</d1__><d2>1.4</d2></record><record el="arr-51" j="a-3"><d1__>0.11</d1__><di>24</di></record><record el="arr-51" j="a-4"><d1__>0.87232</d1__><d2>1.0</d2><ds>string 🍷,"5</ds></record><record el="arr-51" j="a-5"><d1__>0.975</d1__></record><record el="arr-51" j="a-6"><d1__>0.076</d1__></record><record el="arr-51" j="a-7"><d1__>0.6013</d1__><d2>1.14</d2></record><record el="arr-51" j="a-8"><d1__>1.0</d1__><ds>string 🍷,"3</ds></record><record el="arr-51" j="a-9"><d1__>0.17</d1__><d2>1.0</d2><de>1</de><ds>string 🍷,"5</ds><di>38</di></record><record el="arr-51" j="a-10"><d1__>0.22</d1__><di>36</di></record><record el="arr-52" j="a-1"><d1__>0.5157</d1__><di>67</di></record><record el="arr-52" j="a-2"><d1__>0.2083</d1__><d2>1.614506</d2><ds>string 🍷,"6</ds></record><record el="arr-52" j="a-3"><d1__>0.40436</d1__><ds>string 🍷,"3</ds></record><record el="arr-52" j="a-4"><d1__>0.6</d1__></record><record el="arr-52" j="a-5"><d1__>0.1</d1__><de>7</de></record><record el="arr-52" j="a-6"><d1__>0.7183539</d1__><d2>1.68381</d2></record><record el="arr-52" j="a-7"><d1__>0.67</d1__><de>8</de></record><record el="arr-52" j="a-8"><d1__>0.9653681</d1__><de>6</de><di>91</di></record><record el="arr-52" j="a-9"><d1__>0.79094</d1__><de>4</de></record><record el="arr-52" j="a-10"><d1__>0.25599</d1__></record><record el="arr-53" j="a-1"><d1__>0.0439</d1__><d2>1.74033</d2><de>8</de><di>56</di></record><record el="arr-53" j="a-2"><d1__>0.251963</d1__></record><record el="arr-53" j="a-3"><d1__>0.7776223</d1__></record><record el="arr-53" j="a-4"><d2>1.5</d2><ds>string 🍷,"1</ds></record><record el="arr-53" j="a-5"><d1__>0.033</d1__><d2>1.06</d2><de>9</de></record><record el="arr-53" j="a-6"><d1__>0.0878</d1__></record><record el="arr-53" j="a-7"><d1__>0.676</d1__><d2>2.0</d2></record><record el="arr-53" j="a-8"><d1__>0.3695</d1__><de>9</de></record><record el="arr-53" j="a-9"><d1__>0.9115845</d1__><di>39</di></record><record el="arr-53" j="a-10"><d1__>0.58624</d1__><de>9</de><ds>string 🍷,"5</ds><di>12</di></record><record el="arr-54" j="a-1"><d1__>0.05</d1__></record><record el="arr-54" j="a-2"><d1__>0.7003587</d1__><de>6</de></record><record el="arr-54" j="a-3"><d1__>0.592524</d1__></record><record el="arr-54" j="a-4"><d1__>0.12064</d1__></record><record el="arr-54" j="a-5"><d1__>0.008</d1__><de>3</de><ds>string 🍷,"2</ds></record><record el="arr-54" j="a-6"><d1__>0.2</d1__><di>95</di></record><record el="arr-54" j="a-7"><d1__>0.1687</d1__><ds>string 🍷,"0</ds></record><record el="arr-54" j="a-8"><d1__>0.676</d1__><ds>string 🍷,"7</ds></record><record el="arr-54" j="a-9"><d1__>0.2359</d1__><de>5</de><ds>string 🍷,"6</ds></record><record el="arr-54" j="a-10"><d1__>0.538999</d1__></record><record el="arr-55" j="a-1"><d1__>0.823</d1__></record><record el="arr-55" j="a-2"><d1__>1.0</d1__><de>9</de></record><record el="arr-55" j="a-3"><d1__>0.2633</d1__></record><record el="arr-55" j="a-4"><d1__>0.2</d1__><de>8</de><di>43</di></record><record el="arr-55" j="a-5"><d1__>0.0723</d1__><di>21</di></record><record el="arr-55" j="a-6"><d1__>0.571215</d1__></record><record el="arr-55" j="a-7"><d1__>0.12061</d1__><de>2</de><ds>string 🍷,"4</ds></record><record el="arr-55" j="a-8"><d1__>0.8</d1__><d2>1.53394</d2><di>49</di></record><record el="arr-55" j="a-9"><d1__>0.7</d1__><de>7</de><ds>string 🍷,"6</ds></record><record el="arr-55" j="a-10"><d1__>0.936067</d1__></record><record el="arr-56" j="a-1"><d1__>0.3</d1__></record><record el="arr-56" j="a-2"><d1__>0.6867</d1__><d2>1.27394</d2></record><record el="arr-56" j="a-3"><d1__>0.879158</d1__></record><record el="arr-56" j="a-4"><d1__>0.383985</d1__><di>53</di></record><record el="arr-56" j="a-5"><d1__>0.06</d1__><de>9</de><ds>string 🍷,"5</ds></record><record el="arr-56" j="a-6"><d1__>0.709</d1__><de>9</de></record><record el="arr-56" j="a-7"><d1__>0.994</d1__></record><record el="arr-56" j="a-8"><d1__>0.43</d1__><d2>1.06931</d2></record><record el="arr-56" j="a-9"><d1__>0.47964</d1__><de>5</de><di>40</di></record><record el="arr-56" j="a-10"><d1__>0.91</d1__><de>7</de></record><record el="arr-57" j="a-1"><d1__>0.87556</d1__></record><record el="arr-57" j="a-2"><d1__>0.305295</d1__></record><record el="arr-57" j="a-3"><d1__>0.42319</d1__><d2>1.28989</d2></record><record el="arr-57" j="a-4"><d1__>0.567396</d1__><d2>1.052376</d2></record><record el="arr-57" j="a-5"><d1__>0.0015143</d1__><de>7</de></record><record el="arr-57" j="a-6"><d1__>0.155</d1__><di>20</di></record><record el="arr-57" j="a-7"><d1__>0.37</d1__><de>6</de></record><record el="arr-57" j="a-8"><d1__>0.681</d1__><d2>1.9797</d2><de>6</de></record><record el="arr-57" j="a-9"><d1__>0.18</d1__></record><record el="arr-57" j="a-10"><d1__>0.54637</d1__><de>2</de></record><record el="arr-58" j="a-1"><d1__>0.406903</d1__></record><record el="arr-58" j="a-2"><d1__>1.0</d1__><de>7</de></record><record el="arr-58" j="a-3"><d1__>0.2094414</d1__><de>6</de></record><record el="arr-58" j="a-4"><d1__>0.58</d1__><d2>1.1</d2></record><record el="arr-58" j="a-5"><d1__>0.5</d1__><d2>2.0</d2></record><record el="arr-58" j="a-6"><d1__>0.585123</d1__></record><record el="arr-58" j="a-7"><d1__>0.6359732</d1__><di>74</di></record><record el="arr-58" j="a-8"><d1__>0.31</d1__></record><record el="arr-58" j="a-9"><d1__>0.508</d1__></record><record el="arr-58" j="a-10"><d1__>0.28</d1__><di>16</di></record><record el="arr-59" j="a-1"><d1__>0.192303</d1__><ds>string 🍷,"5</ds></record><record el="arr-59" j="a-2"><d1__>0.0041</d1__></record><record el="arr-59" j="a-3"><d1__>0.8837</d1__></record><record el="arr-59" j="a-4"><d1__>0.1</d1__></record><record el="arr-59" j="a-5"><d1__>1.0</d1__></record><record el="arr-59" j="a-6"><d1__>0.112</d1__><d2>1.14</d2></record><record el="arr-59" j="a-7"><d1__>0.62</d1__><ds>string 🍷,"0</ds></record><record el="arr-59" j="a-8"><d1__>0.663494</d1__><de>9</de><ds>string 🍷,"5</ds></record><record el="arr-59" j="a-9"><d1__>0.918122</d1__><d2>1.3405</d2><de>5</de></record><record el="arr-59" j="a-10"><d1__>0.226</d1__><de>7</de></record><record el="arr-60" j="a-1"><d1__>0.0122809</d1__></record><record el="arr-60" j="a-2"><d1__>0.252194</d1__><d2>1.3</d2></record><record el="arr-60" j="a-3"><d1__>0.386</d1__></record><record el="arr-60" j="a-4"><d1__>1.0</d1__><d2>1.8425</d2><ds>string 🍷,"6</ds></record><record el="arr-60" j="a-5"><d1__>0.9</d1__><d2>1.3616</d2></record><record el="arr-60" j="a-6"><d1__>0.36198</d1__><de>5</de></record><record el="arr-60" j="a-7"><d1__>0.575</d1__></record><record el="arr-60" j="a-8"><d1__>0.24</d1__><de>7</de><ds>string 🍷,"3</ds></record><record el="arr-60" j="a-9"><d1__>0.609163</d1__><de>8</de></record><record el="arr-60" j="a-10"><d1__>0.718799</d1__><de>5</de><ds>string 🍷,"6</ds></record><record el="arr-61" j="a-1"><d1__>0.853071</d1__><de>9</de></record><record el="arr-61" j="a-2"><d1__>0.29001</d1__><de>9</de><ds>string 🍷,"3</ds></record><record el="arr-61" j="a-3"><d1__>0.5884</d1__><d2>1.60677</d2><de>1</de></record><record el="arr-61" j="a-4"><d1__>0.964167</d1__></record><record el="arr-61" j="a-5"><d1__>0.5572631</d1__></record><record el="arr-61" j="a-6"><d1__>0.64</d1__><d2>1.12</d2></record><record el="arr-61" j="a-7"><d1__>0.9471</d1__><di>76</di></record><record el="arr-61" j="a-8"><d1__>0.02</d1__><ds>string 🍷,"3</ds><di>93</di></record><record el="arr-61" j="a-9"><d1__>0.404128</d1__><de>7</de><di>32</di></record><record el="arr-61" j="a-10"><d1__>0.9657837</d1__><di>2</di></record><record el="arr-62" j="a-1"><d1__>0.791</d1__><di>99</di></record><record el="arr-62" j="a-2"><d1__>0.638784</d1__></record><record el="arr-62" j="a-3"><d1__>0.24</d1__><d2>1.11</d2></record><record el="arr-62" j="a-4"><d1__>0.23449</d1__><d2>1.94958</d2></record><record el="arr-62" j="a-5"><d1__>0.915021</d1__><ds>string 🍷,"5</ds></record><record el="arr-62" j="a-6"><d1__>0.74</d1__><de>6</de><ds>string 🍷,"5</ds></record><record el="arr-62" j="a-7"><d1__>0.351637</d1__></record><record el="arr-62" j="a-8"><d1__>0.799</d1__><d2>1.9</d2></record><record el="arr-62" j="a-9"><d1__>0.95</d1__></record><record el="arr-62" j="a-10"><d1__>0.414</d1__></record><record el="arr-63" j="a-1"><d1__>0.00535</d1__><d2>1.4052</d2><de>7</de><ds>string 🍷,"1</ds><di>28</di></record><record el="arr-63" j="a-2"><d1__>0.687798</d1__><ds>string 🍷,"1</ds><di>4</di></record><record el="arr-63" j="a-3"><d1__>0.76483</d1__><de>9</de><ds>string 🍷,"2</ds></record><record el="arr-63" j="a-4"><d1__>0.0569998</d1__><de>3</de><ds>string 🍷,"5</ds><di>78</di></record><record el="arr-63" j="a-5"><d1__>0.37</d1__><de>5</de><di>58</di></record><record el="arr-63" j="a-6"><d1__>0.7286684</d1__><di>95</di></record><record el="arr-63" j="a-7"><d1__>0.1</d1__><de>2</de></record><record el="arr-63" j="a-8"><d1__>0.5</d1__><d2>1.261</d2></record><record el="arr-63" j="a-9"><d1__>0.35</d1__><d2>1.005229</d2><de>2</de></record><record el="arr-63" j="a-10"><d1__>0.06</d1__><ds>string 🍷,"6</ds></record><record el="arr-64" j="a-1"><d1__>0.386207</d1__></record><record el="arr-64" j="a-2"><d1__>0.6460191</d1__></record><record el="arr-64" j="a-3"><d1__>0.329557</d1__><di>44</di></record><record el="arr-64" j="a-4"><d1__>0.7067</d1__><d2>1.2818973</d2><ds>string 🍷,"6</ds></record><record el="arr-64" j="a-5"><d1__>0.31818</d1__></record><record el="arr-64" j="a-6"><d1__>0.6675</d1__></record><record el="arr-64" j="a-7"><d1__>0.57245</d1__></record><record el="arr-64" j="a-8"><d1__>1.0</d1__><ds>string 🍷,"1</ds><di>3</di></record><record el="arr-64" j="a-9"><d1__>0.716</d1__><de>2</de></record><record el="arr-64" j="a-10"><d1__>0.0738</d1__><de>3</de></record><record el="arr-65" j="a-1"><d1__>0.89002</d1__><de>3</de><di>21</di></record><record el="arr-65" j="a-2"><d1__>0.6</d1__></record><record el="arr-65" j="a-3"><d1__>0.04</d1__><di>29</di></record><record el="arr-65" j="a-4"><d1__>0.2538</d1__><d2>1.647056</d2></record><record el="arr-65" j="a-5"><d1__>0.9</d1__><d2>1.8</d2><de>6</de></record><record el="arr-65" j="a-6"><d1__>0.38</d1__><d2>1.558</d2><di>78</di></record><record el="arr-65" j="a-7"><d1__>0.411</d1__><ds>string 🍷,"6</ds><di>18</di></record><record el="arr-65" j="a-8"><d1__>0.38</d1__><d2>1.012658</d2></record><record el="arr-65" j="a-9"><d1__>0.6145</d1__><d2>1.20246</d2><de>10</de></record><record el="arr-65" j="a-10"><d1__>0.037</d1__><di>52</di></record><record el="arr-66" j="a-1"><d1__>0.96</d1__></record><record el="arr-66" j="a-2"><d1__>0.86612</d1__><de>5</de></record><record el="arr-66" j="a-3"><d1__>0.68606</d1__><de>8</de></record><record el="arr-66" j="a-4"><d1__>0.17</d1__><d2>1.81953</d2><di>31</di></record><record el="arr-66" j="a-5"><d1__>0.853</d1__></record><record el="arr-66" j="a-6"><d1__>0.769</d1__><ds>string 🍷,"4</ds></record><record el="arr-66" j="a-7"><d1__>0.39</d1__><de>6</de></record><record el="arr-66" j="a-8"><d1__>0.683255</d1__><ds>string 🍷,"4</ds></record><record el="arr-66" j="a-9"><d1__>0.166</d1__><de>1</de><ds>string 🍷,"4</ds></record><record el="arr-66" j="a-10"><d1__>0.937087</d1__></record><record el="arr-67" j="a-1"><d1__>0.049</d1__></record><record el="arr-67" j="a-2"><d1__>1.0</d1__><de>1</de><ds>string 🍷,"4</ds></record><record el="arr-67" j="a-3"><d1__>0.6612</d1__><ds>string 🍷,"7</ds></record><record el="arr-67" j="a-4"><d1__>0.0888</d1__><d2>1.3</d2><ds>string 🍷,"2</ds></record><record el="arr-67" j="a-5"><d1__>1.0</d1__><d2>1.47</d2><ds>string 🍷,"2</ds></record><record el="arr-67" j="a-6"><d1__>0.32</d1__></record><record el="arr-67" j="a-8"><ds>string 🍷,"4</ds></record><record el="arr-67" j="a-9"><d1__>0.12</d1__></record><record el="arr-67" j="a-10"><d1__>0.26</d1__><di>81</di></record><record el="arr-68" j="a-1"><d1__>0.899735</d1__></record><record el="arr-68" j="a-2"><d1__>0.724</d1__><de>9</de></record><record el="arr-68" j="a-3"><d1__>0.4027787</d1__><d2>1.633947</d2><ds>string 🍷,"4</ds></record><record el="arr-68" j="a-4"><d1__>0.74</d1__><d2>1.50855</d2><de>2</de></record><record el="arr-68" j="a-5"><d1__>0.1</d1__><d2>1.8300000000000004</d2></record><record el="arr-68" j="a-6"><d1__>0.4</d1__></record><record el="arr-68" j="a-7"><d1__>0.58664</d1__><d2>1.0</d2><ds>string 🍷,"6</ds><di>51</di></record><record el="arr-68" j="a-8"><d1__>0.15</d1__></record><record el="arr-68" j="a-9"><d1__>0.32946</d1__></record><record el="arr-68" j="a-10"><d1__>0.864</d1__><d2>1.387986</d2><ds>string 🍷,"0</ds><di>38</di></record><record el="arr-69" j="a-1"><d1__>1.0</d1__><de>6</de><ds>string 🍷,"7</ds></record><record el="arr-69" j="a-2"><d1__>0.50147</d1__><d2>1.469</d2><de>4</de></record><record el="arr-69" j="a-3"><d1__>0.66</d1__><di>60</di></record><record el="arr-69" j="a-4"><d1__>0.8052856</d1__><ds>string 🍷,"6</ds></record><record el="arr-69" j="a-5"><d1__>0.8445</d1__><d2>1.203429</d2><ds>string 🍷,"1</ds></record><record el="arr-69" j="a-6"><d1__>0.8895323</d1__><d2>1.7846</d2></record><record el="arr-69" j="a-7"><d1__>0.811487</d1__></record><record el="arr-69" j="a-8"><d1__>0.848</d1__><di>37</di></record><record el="arr-69" j="a-9"><d1__>0.9339</d1__><ds>string 🍷,"3</ds></record><record el="arr-69" j="a-10"><d1__>0.00078</d1__><ds>string 🍷,"4</ds></record><record el="arr-70" j="a-1"><d1__>0.8</d1__><d2>1.537625</d2></record><record el="arr-70" j="a-2"><d1__>0.47</d1__><d2>1.6699999999999998</d2></record><record el="arr-70" j="a-3"><d1__>0.537</d1__><di>43</di></record><record el="arr-70" j="a-4"><d1__>0.13</d1__></record><record el="arr-70" j="a-5"><d1__>0.78</d1__></record><record el="arr-70" j="a-6"><d1__>0.63</d1__><ds>string 🍷,"4</ds></record><record el="arr-70" j="a-7"><d1__>0.68</d1__></record><record el="arr-70" j="a-8"><d1__>0.9732975</d1__><d2>1.41599</d2></record><record el="arr-70" j="a-9"><d1__>0.54872</d1__><di>39</di></record><record el="arr-71" j="a-1"><d1__>0.27136</d1__><de>2</de></record><record el="arr-71" j="a-2"><d1__>0.39</d1__><d2>1.8713576</d2><de>2</de></record><record el="arr-71" j="a-3"><d1__>0.5</d1__><ds>string 🍷,"7</ds></record><record el="arr-71" j="a-4"><d1__>0.8</d1__><d2>1.8</d2><di>93</di></record><record el="arr-71" j="a-5"><d1__>0.6</d1__><d2>1.16</d2><ds>string 🍷,"4</ds></record><record el="arr-71" j="a-6"><d1__>0.86</d1__><d2>1.95114</d2></record><record el="arr-71" j="a-7"><d1__>0.9392</d1__></record><record el="arr-71" j="a-8"><d1__>0.93</d1__></record><record el="arr-71" j="a-9"><d1__>0.19654</d1__><de>1</de></record><record el="arr-71" j="a-10"><d1__>0.08</d1__></record><record el="arr-72" j="a-1"><d1__>0.229</d1__><d2>1.0</d2><ds>string 🍷,"7</ds></record><record el="arr-72" j="a-2"><d1__>0.4230947</d1__></record><record el="arr-72" j="a-3"><d1__>0.3787</d1__><de>8</de></record><record el="arr-72" j="a-4"><d1__>0.537887</d1__></record><record el="arr-72" j="a-5"><d1__>0.082</d1__><de>8</de><ds>string 🍷,"4</ds><di>13</di></record><record el="arr-72" j="a-6"><d1__>0.795</d1__></record><record el="arr-72" j="a-7"><d1__>0.508516</d1__><d2>1.14</d2></record><record el="arr-72" j="a-8"><d1__>0.744</d1__><ds>string 🍷,"6</ds><di>35</di></record><record el="arr-72" j="a-9"><d1__>0.59</d1__><ds>string 🍷,"2</ds><di>21</di></record><record el="arr-72" j="a-10"><d1__>0.305</d1__><ds>string 🍷,"3</ds><di>65</di></record><record el="arr-73" j="a-1"><d1__>0.66686</d1__><di>69</di></record><record el="arr-73" j="a-2"><d1__>0.8721</d1__><d2>1.32581</d2><ds>string 🍷,"4</ds></record><record el="arr-73" j="a-3"><d1__>0.41</d1__><de>6</de><ds>string 🍷,"4</ds></record><record el="arr-73" j="a-4"><d1__>0.013769</d1__><ds>string 🍷,"1</ds><di>6</di></record><record el="arr-73" j="a-5"><d1__>0.11503</d1__><d2>1.85</d2><ds>string 🍷,"2</ds></record><record el="arr-73" j="a-6"><d1__>0.36307</d1__></record><record el="arr-73" j="a-7"><d2>2.0</d2></record><record el="arr-73" j="a-8"><d1__>0.62259</d1__><d2>1.080324</d2><de>3</de><ds>string 🍷,"1</ds></record><record el="arr-73" j="a-9"><d1__>0.09747</d1__></record><record el="arr-73" j="a-10"><d1__>0.198407</d1__><d2>1.4324800000000003</d2><ds>string 🍷,"5</ds></record><record el="arr-74" j="a-1"><d1__>0.457</d1__></record><record el="arr-74" j="a-2"><d1__>0.9206</d1__><d2>1.96556</d2></record><record el="arr-74" j="a-3"><d1__>0.032217</d1__><ds>string 🍷,"2</ds></record><record el="arr-74" j="a-4"><d1__>0.3797</d1__><de>6</de></record><record el="arr-74" j="a-5"><d1__>0.407608</d1__><d2>1.293</d2><de>6</de></record><record el="arr-74" j="a-6"><d1__>0.063</d1__></record><record el="arr-74" j="a-7"><d1__>0.62181</d1__></record><record el="arr-74" j="a-8"><d1__>0.1190923</d1__><de>6</de><di>22</di></record><record el="arr-74" j="a-9"><d1__>0.809</d1__><di>45</di></record><record el="arr-74" j="a-10"><d1__>0.966631</d1__><d2>1.0</d2><de>7</de></record><record el="arr-75" j="a-1"><d1__>0.6719</d1__><de>2</de></record><record el="arr-75" j="a-2"><d1__>0.58917</d1__></record><record el="arr-75" j="a-3"><d1__>0.7</d1__><di>84</di></record><record el="arr-75" j="a-4"><d1__>0.7</d1__><d2>1.3653951</d2><di>44</di></record><record el="arr-75" j="a-5"><d1__>0.44773</d1__><d2>1.84</d2></record><record el="arr-75" j="a-6"><d1__>0.1569</d1__><ds>string 🍷,"6</ds></record><record el="arr-75" j="a-7"><d1__>0.1</d1__></record><record el="arr-75" j="a-8"><d1__>0.0161</d1__></record><record el="arr-75" j="a-9"><d1__>0.64034</d1__></record><record el="arr-75" j="a-10"><d1__>0.91415</d1__><ds>string 🍷,"3</ds><di>67</di></record><record el="arr-76" j="a-1"><d1__>1.0</d1__></record><record el="arr-76" j="a-2"><d1__>0.01</d1__><ds>string 🍷,"6</ds></record><record el="arr-76" j="a-3"><d1__>0.3</d1__></record><record el="arr-76" j="a-5"><d1__>0.01</d1__><ds>string 🍷,"4</ds></record><record el="arr-76" j="a-6"><d1__>0.901</d1__></record><record el="arr-76" j="a-7"><d1__>0.26</d1__><d2>1.57984</d2><di>93</di></record><record el="arr-76" j="a-8"><d1__>0.644</d1__></record><record el="arr-76" j="a-9"><d1__>0.426</d1__></record><record el="arr-76" j="a-10"><d1__>0.59</d1__><de>2</de></record><record el="arr-77" j="a-1"><d1__>1.0</d1__><ds>string 🍷,"0</ds></record><record el="arr-77" j="a-2"><d1__>0.2</d1__><d2>1.786</d2></record><record el="arr-77" j="a-3"><d1__>0.16</d1__></record><record el="arr-77" j="a-4"><d1__>0.70824</d1__></record><record el="arr-77" j="a-5"><d1__>0.504527</d1__><d2>2.0</d2><de>2</de></record><record el="arr-77" j="a-6"><d1__>0.83</d1__></record><record el="arr-77" j="a-7"><d1__>0.780366</d1__><d2>1.36018</d2><ds>string 🍷,"1</ds></record><record el="arr-77" j="a-8"><d1__>0.996</d1__></record><record el="arr-77" j="a-9"><d1__>1.0</d1__><d2>1.18827</d2><ds>string 🍷,"0</ds><di>98</di></record><record el="arr-77" j="a-10"><d1__>0.6</d1__></record><record el="arr-78" j="a-1"><d1__>0.618572</d1__><de>9</de></record><record el="arr-78" j="a-2"><d1__>1.0</d1__><de>5</de><ds>string 🍷,"2</ds></record><record el="arr-78" j="a-3"><d1__>0.154</d1__><d2>1.556225</d2></record><record el="arr-78" j="a-4"><d1__>0.04914</d1__><di>35</di></record><record el="arr-78" j="a-5"><d1__>0.8613</d1__></record><record el="arr-78" j="a-6"><d1__>0.3</d1__></record><record el="arr-78" j="a-7"><d1__>0.2592</d1__></record><record el="arr-78" j="a-8"><d1__>0.94</d1__></record><record el="arr-78" j="a-9"><d1__>0.953133</d1__><d2>1.4</d2></record><record el="arr-78" j="a-10"><d1__>0.831</d1__></record><record el="arr-79" j="a-1"><d1__>0.139</d1__><d2>1.6</d2></record><record el="arr-79" j="a-2"><d1__>0.762073</d1__></record><record el="arr-79" j="a-3"><d1__>1.0</d1__></record><record el="arr-79" j="a-4"><d1__>0.701079</d1__><d2>1.3</d2><ds>string 🍷,"1</ds></record><record el="arr-79" j="a-5"><d1__>0.672902</d1__><de>4</de><di>59</di></record><record el="arr-79" j="a-6"><d2>2.0</d2><de>8</de><di>82</di></record><record el="arr-79" j="a-7"><d1__>0.13</d1__></record><record el="arr-79" j="a-8"><d1__>0.516707</d1__><d2>1.0187686</d2><ds>string 🍷,"5</ds></record><record el="arr-79" j="a-9"><d1__>0.07972</d1__></record><record el="arr-79" j="a-10"><d1__>0.0836393</d1__><d2>1.932976</d2><de>5</de><ds>string 🍷,"0</ds></record><record el="arr-80" j="a-1"><d1__>0.8247</d1__><di>17</di></record><record el="arr-80" j="a-2"><d1__>0.134</d1__><de>8</de><ds>string 🍷,"3</ds></record><record el="arr-80" j="a-3"><d1__>0.33567</d1__><d2>1.05141</d2></record><record el="arr-80" j="a-4"><d1__>0.0030567</d1__><d2>1.286</d2></record><record el="arr-80" j="a-5"><d1__>0.874</d1__><ds>string 🍷,"6</ds></record><record el="arr-80" j="a-6"><d1__>0.98381</d1__><d2>1.254</d2><di>95</di></record><record el="arr-80" j="a-7"><d1__>0.184</d1__><de>10</de></record><record el="arr-80" j="a-8"><d1__>0.23</d1__><d2>1.529601</d2></record><record el="arr-80" j="a-9"><d1__>0.584131</d1__></record><record el="arr-80" j="a-10"><d1__>0.536</d1__><di>18</di></record><record el="arr-81" j="a-1"><d1__>0.02341</d1__><de>7</de></record><record el="arr-81" j="a-2"><d1__>0.4</d1__><de>7</de></record><record el="arr-81" j="a-3"><d1__>0.33621</d1__></record><record el="arr-81" j="a-4"><d1__>0.25</d1__></record><record el="arr-81" j="a-5"><d1__>1.0</d1__><ds>string 🍷,"5</ds></record><record el="arr-81" j="a-6"><d1__>0.0515</d1__><d2>1.205073</d2></record><record el="arr-81" j="a-7"><d1__>0.4476</d1__><ds>string 🍷,"1</ds></record><record el="arr-81" j="a-8"><d1__>0.4</d1__></record><record el="arr-81" j="a-9"><d1__>0.8686825</d1__></record><record el="arr-81" j="a-10"><d1__>0.2364</d1__><di>50</di></record><record el="arr-82" j="a-1"><d1__>0.37</d1__></record><record el="arr-82" j="a-2"><d1__>0.561</d1__></record><record el="arr-82" j="a-3"><d1__>1.0</d1__><d2>1.7</d2><ds>string 🍷,"1</ds></record><record el="arr-82" j="a-4"><d1__>0.92</d1__></record><record el="arr-82" j="a-5"><d1__>0.75</d1__></record><record el="arr-82" j="a-6"><d1__>0.72852</d1__></record><record el="arr-82" j="a-7"><d1__>0.3037</d1__><de>8</de><ds>string 🍷,"3</ds></record><record el="arr-82" j="a-8"><d1__>0.991262</d1__><di>81</di></record><record el="arr-82" j="a-9"><d1__>0.8152781</d1__></record><record el="arr-82" j="a-10"><d1__>0.4</d1__><di>35</di></record><record el="arr-83" j="a-1"><d1__>0.11</d1__></record><record el="arr-83" j="a-2"><d1__>0.9</d1__><d2>1.414544</d2></record><record el="arr-83" j="a-3"><d1__>0.6474</d1__><d2>1.368467</d2></record><record el="arr-83" j="a-4"><d1__>0.5614</d1__></record><record el="arr-83" j="a-5"><d1__>0.603</d1__><de>6</de></record><record el="arr-83" j="a-6"><d1__>0.95</d1__><ds>string 🍷,"2</ds></record><record el="arr-83" j="a-7"><d1__>0.6214</d1__><d2>1.5</d2></record><record el="arr-83" j="a-8"><di>36</di></record><record el="arr-83" j="a-9"><d1__>0.42</d1__><de>9</de></record><record el="arr-83" j="a-10"><d1__>0.891188</d1__><ds>string 🍷,"4</ds></record><record el="arr-84" j="a-1"><d1__>0.2184</d1__><d2>1.22</d2></record><record el="arr-84" j="a-2"><d1__>0.37505</d1__><ds>string 🍷,"0</ds></record><record el="arr-84" j="a-3"><d1__>0.6597876</d1__></record><record el="arr-84" j="a-4"><d1__>1.0</d1__><d2>1.21</d2><ds>string 🍷,"2</ds></record><record el="arr-84" j="a-5"><d1__>0.05</d1__><ds>string 🍷,"6</ds></record><record el="arr-84" j="a-6"><d1__>0.8668945</d1__><d2>1.66421</d2><di>27</di></record><record el="arr-84" j="a-8"><d1__>0.77488</d1__><ds>string 🍷,"2</ds></record><record el="arr-84" j="a-9"><d1__>0.2</d1__></record><record el="arr-84" j="a-10"><de>1</de><ds>string 🍷,"6</ds></record><record el="arr-85" j="a-1"><ds>string 🍷,"2</ds><di>36</di></record><record el="arr-85" j="a-2"><d1__>0.1</d1__><ds>string 🍷,"4</ds></record><record el="arr-85" j="a-3"><d1__>0.0974261</d1__><di>69</di></record><record el="arr-85" j="a-4"><d1__>0.74777</d1__><de>3</de><ds>string 🍷,"1</ds><di>55</di></record><record el="arr-85" j="a-5"><d1__>0.2581</d1__><ds>string 🍷,"6</ds></record><record el="arr-85" j="a-6"><d1__>1.0</d1__></record><record el="arr-85" j="a-7"><d1__>0.0522748</d1__><di>58</di></record><record el="arr-85" j="a-8"><d1__>0.3475</d1__><di>52</di></record><record el="arr-85" j="a-9"><d1__>0.346</d1__></record><record el="arr-85" j="a-10"><d1__>0.63134</d1__><di>51</di></record><record el="arr-86" j="a-1"><d1__>0.2</d1__><d2>1.32</d2></record><record el="arr-86" j="a-2"><d1__>0.7443</d1__><d2>1.274</d2><ds>string 🍷,"5</ds></record><record el="arr-86" j="a-3"><d1__>0.93263</d1__><d2>1.3577</d2></record><record el="arr-86" j="a-4"><d1__>0.6</d1__><ds>string 🍷,"1</ds><di>35</di></record><record el="arr-86" j="a-5"><d1__>1.0</d1__><di>19</di></record><record el="arr-86" j="a-6"><d1__>0.27</d1__></record><record el="arr-86" j="a-7"><d1__>0.24</d1__><d2>1.79</d2></record><record el="arr-86" j="a-8"><d1__>1.0</d1__><d2>1.93618</d2></record><record el="arr-86" j="a-9"><d1__>0.04</d1__><de>4</de><ds>string 🍷,"6</ds></record><record el="arr-86" j="a-10"><d1__>0.1032604</d1__><d2>1.76</d2></record><record el="arr-87" j="a-1"><d1__>0.302</d1__><di>33</di></record><record el="arr-87" j="a-2"><d1__>0.56234</d1__><d2>1.134413</d2><de>1</de></record><record el="arr-87" j="a-3"><d1__>0.9525</d1__><d2>1.91118</d2><de>10</de><ds>string 🍷,"4</ds></record><record el="arr-87" j="a-4"><d1__>0.84</d1__></record><record el="arr-87" j="a-5"><d1__>0.364502</d1__><de>10</de><ds>string 🍷,"2</ds></record><record el="arr-87" j="a-6"><d1__>0.3732</d1__></record><record el="arr-87" j="a-7"><d1__>0.0695</d1__><de>8</de></record><record el="arr-87" j="a-8"><d1__>0.1615</d1__><d2>1.8434408</d2><de>9</de></record><record el="arr-87" j="a-9"><d1__>0.1428</d1__><di>60</di></record><record el="arr-87" j="a-10"><d1__>0.7897</d1__><ds>string 🍷,"2</ds><di>30</di></record><record el="arr-88" j="a-1"><d1__>0.3176</d1__><d2>1.16989</d2></record><record el="arr-88" j="a-2"><d1__>0.2</d1__><d2>1.9867</d2></record><record el="arr-88" j="a-3"><d1__>0.994</d1__></record><record el="arr-88" j="a-4"><d1__>0.2333</d1__></record><record el="arr-88" j="a-5"><d1__>0.3476</d1__><di>45</di></record><record el="arr-88" j="a-6"><d1__>0.8</d1__><di>6</di></record><record el="arr-88" j="a-7"><d1__>0.592</d1__><de>10</de></record><record el="arr-88" j="a-8"><d1__>0.90741</d1__></record><record el="arr-88" j="a-9"><d1__>0.07517</d1__><de>10</de></record><record el="arr-88" j="a-10"><d1__>0.432</d1__></record><record el="arr-89" j="a-1"><d1__>1.0</d1__><d2>1.71605</d2></record><record el="arr-89" j="a-2"><d1__>0.5</d1__><ds>string 🍷,"4</ds><di>2</di></record><record el="arr-89" j="a-3"><ds>string 🍷,"3</ds></record><record el="arr-89" j="a-4"><d1__>0.171181</d1__></record><record el="arr-89" j="a-5"><d1__>0.62767</d1__><d2>1.808</d2><di>46</di></record><record el="arr-89" j="a-6"><d1__>1.0</d1__></record><record el="arr-89" j="a-7"><d1__>0.829</d1__></record><record el="arr-89" j="a-8"><d1__>0.7105804</d1__></record><record el="arr-89" j="a-9"><d1__>0.694666</d1__><de>8</de><di>39</di></record><record el="arr-89" j="a-10"><d1__>0.04</d1__><ds>string 🍷,"5</ds></record><record el="arr-90" j="a-1"><d1__>0.71</d1__><di>86</di></record><record el="arr-90" j="a-2"><d1__>0.61152</d1__><ds>string 🍷,"2</ds><di>63</di></record><record el="arr-90" j="a-3"><d1__>0.1287941</d1__></record><record el="arr-90" j="a-4"><d1__>0.5356696</d1__></record><record el="arr-90" j="a-7"><d1__>0.4059</d1__><de>1</de><di>80</di></record><record el="arr-90" j="a-8"><d1__>0.0870443</d1__><ds>string 🍷,"5</ds><di>99</di></record><record el="arr-91" j="a-1"><d1__>1.0</d1__><de>7</de><di>25</di></record><record el="arr-91" j="a-2"><d1__>0.011</d1__></record><record el="arr-91" j="a-3"><di>7</di></record><record el="arr-91" j="a-4"><d1__>0.5116871</d1__><d2>1.3</d2></record><record el="arr-91" j="a-5"><d1__>0.738449</d1__><d2>2.0</d2><de>7</de></record><record el="arr-91" j="a-6"><d1__>0.93502</d1__></record><record el="arr-91" j="a-7"><d2>2.0</d2><de>10</de><ds>string 🍷,"2</ds></record><record el="arr-91" j="a-8"><d1__>0.6</d1__><di>44</di></record><record el="arr-91" j="a-9"><d1__>0.58</d1__><d2>1.46</d2><di>58</di></record><record el="arr-91" j="a-10"><d1__>0.587</d1__><de>1</de><ds>string 🍷,"3</ds></record><record el="arr-92" j="a-1"><d1__>0.6803016</d1__><d2>1.1675980000000002</d2></record><record el="arr-92" j="a-2"><d1__>0.426</d1__></record><record el="arr-92" j="a-3"><d1__>0.239195</d1__><ds>string 🍷,"0</ds></record><record el="arr-92" j="a-4"><d1__>0.41</d1__><de>1</de></record><record el="arr-92" j="a-5"><d1__>0.779</d1__><de>5</de><ds>string 🍷,"0</ds><di>64</di></record><record el="arr-92" j="a-6"><d1__>0.11</d1__></record><record el="arr-92" j="a-7"><d1__>0.61681</d1__><de>1</de></record><record el="arr-92" j="a-8"><d1__>0.3643</d1__></record><record el="arr-92" j="a-9"><d1__>0.968145</d1__><de>10</de></record><record el="arr-92" j="a-10"><d1__>0.106</d1__><di>29</di></record><record el="arr-93" j="a-1"><d1__>0.6136</d1__></record><record el="arr-93" j="a-2"><d1__>0.61978</d1__><de>4</de><ds>string 🍷,"0</ds></record><record el="arr-93" j="a-3"><d1__>0.47</d1__></record><record el="arr-93" j="a-4"><d1__>0.166</d1__></record><record el="arr-93" j="a-5"><d1__>0.08</d1__><de>1</de></record><record el="arr-93" j="a-6"><d1__>0.7481</d1__><de>2</de><ds>string 🍷,"0</ds></record><record el="arr-93" j="a-7"><d1__>0.63</d1__><ds>string 🍷,"0</ds></record><record el="arr-93" j="a-8"><d1__>0.462</d1__><d2>1.63</d2><de>8</de></record><record el="arr-93" j="a-9"><d1__>0.4577</d1__></record><record el="arr-93" j="a-10"><d1__>0.59381</d1__><de>8</de><ds>string 🍷,"5</ds><di>21</di></record><record el="arr-94" j="a-1"><d1__>1.0</d1__><d2>1.57401</d2><ds>string 🍷,"3</ds><di>32</di></record><record el="arr-94" j="a-2"><d1__>0.9</d1__><d2>1.2857</d2><di>78</di></record><record el="arr-94" j="a-3"><d1__>0.10383</d1__><d2>1.053</d2></record><record el="arr-94" j="a-4"><d1__>0.86</d1__><de>9</de><di>75</di></record><record el="arr-94" j="a-5"><d1__>0.683041</d1__><de>6</de></record><record el="arr-94" j="a-6"><d1__>0.7016686</d1__><d2>1.028</d2><ds>string 🍷,"3</ds></record><record el="arr-94" j="a-7"><d1__>0.4883835</d1__></record><record el="arr-94" j="a-8"><di>68</di></record><record el="arr-94" j="a-9"><d1__>1.0</d1__><de>1</de></record><record el="arr-94" j="a-10"><d1__>0.911</d1__><di>1</di></record><record el="arr-95" j="a-1"><d1__>0.42</d1__><d2>1.3073</d2><di>96</di></record><record el="arr-95" j="a-2"><d1__>0.7</d1__></record><record el="arr-95" j="a-3"><d1__>0.7</d1__><d2>1.13</d2><de>4</de></record><record el="arr-95" j="a-4"><d1__>0.006</d1__></record><record el="arr-95" j="a-5"><d1__>0.94</d1__><di>2</di></record><record el="arr-95" j="a-6"><d1__>0.9753</d1__><ds>string 🍷,"5</ds></record><record el="arr-95" j="a-7"><d1__>0.272929</d1__></record><record el="arr-95" j="a-8"><d1__>0.4</d1__><d2>1.76</d2></record><record el="arr-95" j="a-9"><d1__>0.57905</d1__></record><record el="arr-95" j="a-10"><d1__>0.0404</d1__></record><record el="arr-96" j="a-1"><d1__>0.949</d1__><de>5</de></record><record el="arr-96" j="a-2"><d2>1.405</d2><di>19</di></record><record el="arr-96" j="a-3"><d1__>0.916939</d1__><d2>1.3</d2><ds>string 🍷,"4</ds><di>56</di></record><record el="arr-96" j="a-4"><d1__>0.68968</d1__><de>3</de></record><record el="arr-96" j="a-5"><d1__>0.41</d1__><de>8</de><di>37</di></record><record el="arr-96" j="a-6"><d1__>0.502582</d1__><ds>string 🍷,"6</ds><di>17</di></record><record el="arr-96" j="a-7"><d1__>1.0</d1__></record><record el="arr-96" j="a-8"><d1__>0.04302</d1__><de>2</de><di>52</di></record><record el="arr-96" j="a-9"><d1__>0.6</d1__><de>2</de></record><record el="arr-96" j="a-10"><d1__>0.4</d1__><ds>string 🍷,"2</ds></record><record el="arr-97" j="a-1"><di>49</di></record><record el="arr-97" j="a-2"><d1__>0.84</d1__></record><record el="arr-97" j="a-3"><d1__>0.174</d1__><di>36</di></record><record el="arr-97" j="a-4"><d1__>0.4415</d1__></record><record el="arr-97" j="a-5"><d1__>0.47172</d1__></record><record el="arr-97" j="a-6"><d1__>0.3081807</d1__><di>30</di></record><record el="arr-97" j="a-7"><d1__>0.7774</d1__><de>10</de></record><record el="arr-97" j="a-8"><d1__>0.0019</d1__><de>4</de></record><record el="arr-97" j="a-9"><d1__>1.0</d1__><ds>string 🍷,"6</ds></record><record el="arr-97" j="a-10"><d1__>0.42</d1__></record><record el="arr-98" j="a-1"><d1__>0.2908</d1__><ds>string 🍷,"3</ds></record><record el="arr-98" j="a-2"><d1__>0.7442877</d1__><d2>1.633781</d2><di>43</di></record><record el="arr-98" j="a-3"><d1__>1.0</d1__><de>10</de></record><record el="arr-98" j="a-4"><d1__>0.08</d1__><d2>1.7</d2></record><record el="arr-98" j="a-5"><d1__>0.6</d1__><de>2</de><ds>string 🍷,"4</ds></record><record el="arr-98" j="a-6"><d1__>0.233742</d1__></record><record el="arr-98" j="a-7"><d1__>0.89143</d1__><ds>string 🍷,"7</ds><di>98</di></record><record el="arr-98" j="a-8"><d1__>0.2</d1__></record><record el="arr-98" j="a-9"><d1__>1.0</d1__><d2>1.52</d2><di>100</di></record><record el="arr-98" j="a-10"><d1__>0.679</d1__><di>30</di></record><record el="arr-99" j="a-1"><d1__>0.34</d1__></record><record el="arr-99" j="a-2"><d1__>0.769103</d1__><de>5</de></record><record el="arr-99" j="a-3"><d1__>0.542</d1__></record><record el="arr-99" j="a-4"><d1__>0.7114</d1__><d2>1.771</d2><de>7</de></record><record el="arr-99" j="a-5"><d1__>0.275</d1__></record><record el="arr-99" j="a-6"><d1__>0.71</d1__><de>3</de></record><record el="arr-99" j="a-7"><di>49</di></record><record el="arr-99" j="a-8"><d1__>0.099291</d1__><d2>1.1818</d2></record><record el="arr-99" j="a-9"><d1__>0.5471923</d1__><di>86</di></record><record el="arr-99" j="a-10"><d1__>0.28</d1__><di>84</di></record><record el="arr-100" j="a-1"><d1__>0.4</d1__><di>9</di></record><record el="arr-100" j="a-2"><d1__>0.8016</d1__><ds>string 🍷,"4</ds></record><record el="arr-100" j="a-3"><d1__>0.328075</d1__><d2>1.64749</d2><ds>string 🍷,"3</ds></record><record el="arr-100" j="a-4"><d1__>0.591</d1__><de>2</de></record><record el="arr-100" j="a-5"><d1__>0.083</d1__></record><record el="arr-100" j="a-6"><d1__>0.4889</d1__><di>100</di></record><record el="arr-100" j="a-7"><d2>1.25346</d2><de>7</de><ds>string 🍷,"0</ds><di>88</di></record><record el="arr-100" j="a-8"><d1__>0.3</d1__><d2>1.5578</d2><ds>string 🍷,"7</ds><di>83</di></record><record el="arr-100" j="a-9"><d1__>0.385</d1__><de>2</de><di>26</di></record><record el="arr-100" j="a-10"><d1__>0.01854</d1__></record></ds1></DataSets>