<AimmsJSONMapping>
    <ObjectMapping>
        <ObjectMapping name="datasets">
            <ObjectMapping name-binds-to="dex::ds" name-regex=".*">
                <ValueMapping name="instance" maps-to="dex::DatasetInstance(dex::ds)"/>
                <ObjectMapping name="tables">
                    <ObjectMapping name-binds-to="dex::tbl" name-regex=".*" included-mapping="dex::DatasetTableJSONMapping(dex::ds,dex::tbl)">
                        <ValueMapping name="error" value="error"/>
                    </ObjectMapping>
                </ObjectMapping>
            </ObjectMapping>
        </ObjectMapping>
    </ObjectMapping>
</AimmsJSONMapping>