<?xml version="1.0"?>
<TemplateManager>
	<Page Name="All Data Pages" PageGUID="2887E8A9-A8BA-4174-AB4F-EFF06446AFF1" />
	<Page Name="[Data Page] dex json CoreDefs" PageGUID="9A2527F7-96AB-44C4-BCDD-3D28A098B91D" />
	<Page Name="[Data Page] dex json CoreProperty" PageGUID="868D976B-B6DE-4254-80CC-7BAC84ED970C" />
	<Page Name="[Data Page] dex json ApplicatorArrayProperty" PageGUID="233EA87E-729B-43B9-9281-2BC08936669A" />
	<Page Name="[Data Page] dex json CoreVocabulary" PageGUID="D8068402-74C0-470B-9385-AA06946C7973" />
	<Page Name="[Data Page] dex json ApplicatorObjectProperty" PageGUID="52E295E0-7E3B-4297-8198-63361480320E" />
	<Page Name="[Data Page] dex json ApplicatorListProperty" PageGUID="9BD56B05-29E3-4997-9B8E-94E1F3FDD90D" />
	<Page Name="[Data Page] dex json MetaStringProperty" PageGUID="11BBBA82-D97D-4CDF-90D7-06DEDB689A07" />
	<Page Name="[Data Page] dex json MetaBoolProperty" PageGUID="880D837E-8236-4B4F-A699-E684555A672A" />
	<Page Name="[Data Page] dex json MetaExample" PageGUID="4841071B-6795-4214-BDAC-338C19A14105" />
	<Page Name="[Data Page] dex json MetaDefault" PageGUID="F364A800-9F29-48C7-8855-B21743EFAFDF" />
	<Page Name="[Data Page] dex json UnevaluatedObjectProperty" PageGUID="A1FA40AC-02EA-45B3-A4D0-B0CF225FDD08" />
	<Page Name="[Data Page] dex json ValidationType" PageGUID="581011DC-2542-4958-878E-D66CDB5D1023" />
	<Page Name="[Data Page] dex json ValidationListProperty" PageGUID="76BB604F-434E-4106-BDBE-464BF34D644F" />
	<Page Name="[Data Page] dex json ValidationNumberProperty" PageGUID="286C56EF-25D3-461B-A22C-BDEFF62ECF72" />
	<Page Name="[Data Page] dex json ValidationStringProperty" PageGUID="9E615D1C-B568-4BFB-AD7E-AF3A938C62D5" />
	<Page Name="[Data Page] dex json ValidationboolProperty" PageGUID="CCD8975A-F525-49F6-A171-7639D4704075" />
	<Page Name="[Data Page] dex json ValidationDependentRequired" PageGUID="482AF0B8-8CE7-4BD4-A649-D9D4857F49FC" />
	<Page Name="[Data Page] dex json FormatProperty" PageGUID="6D3D3389-9F3D-4B6C-9B6D-024F1EC0D67D" />
	<Page Name="[Data Page] dex json ContentProperty" PageGUID="9130A9A5-C4A7-47F4-9ACA-96C88E6E42D4" />
	<Page Name="[Data Page] dex json ContentSchemaProperty" PageGUID="60DC80AB-0849-4523-A018-FBBE5BA436FA" />
	<Page Name="[Data Page] dex json SchemaRoot" PageGUID="022E8259-D584-427A-AF0C-9D7C36D1735E" />
	<Page Name="[Data Page] dex json NodeSchema" PageGUID="EA7FC911-238D-4A02-B422-9EF2EFF8B65B" Marked="true" />
	<Page Name="[Data Page] dex json NodeApplicator" PageGUID="98AF1D53-534E-433D-A078-8A16E0C9479A" Marked="true" />
	<Page Name="[Data Page] dex json NodeParent" PageGUID="A3525AE2-1C47-412F-BBDF-EE6E33142B56" Marked="true" />
	<Page Name="[Data Page] dex json NodeChild" PageGUID="B84D4FB0-2168-4867-B754-4BEA2DF1F294" Marked="true" />
	<Page Name="[Data Page] dex json ApplicatorArrayBool" PageGUID="3AD25AC1-87C5-4644-A03A-B23BF1A3DF9E" />
	<Page Name="[Data Page] dex json ApplicatorObjectBool" PageGUID="EC621E8E-12EE-4D81-9D06-F54E69856D63" />
	<Page Name="[Data Page] dex json ApplicatorListBool" PageGUID="53EC1238-1121-4327-A3CF-FDAC9ECC25DE" />
	<Page Name="[Data Page] dex json UnevaluatedObjectBool" PageGUID="4124F3DC-5A55-43FA-854F-C7C3224F8BBC" />
	<Page Name="[Data Page] dex json ContentSchemaBool" PageGUID="BE4F7C5B-8046-4417-A50A-3243F104A540" />
	<Page Name="[Data Page] dex json NodeStack" PageGUID="3B66CC8E-57E6-4B4F-8D8E-4012FC3E196E" Marked="true" />
	<Page Name="[Data Page] dex json NodeRef" PageGUID="4FD8C67E-8271-4623-8186-BC40D979A41A" Marked="true" />
	<Page Name="[Data Page] dex DatasetTableJSONMappingPerType" PageGUID="DBD304C7-BE4A-4E77-BB77-FE14C087ADBA" />
	<Page Name="[Data Page] dex DatasetTableXMLMappingPerType" PageGUID="CD897227-48BB-4A26-AAB1-2D14C4FA89CB" />
	<Page Name="[Data Page] dex DatasetTableColumnName" PageGUID="2B18D0FA-17B3-4AB9-8E87-0033EDF6E186" />
	<Page Name="[Data Page] dex DatasetTableColumnIndex" PageGUID="7614F18A-028F-44CC-8A13-72C8F2416F65" />
	<Page Name="[Data Page] dex DatasetTableColumnIdentifier" PageGUID="057551CE-DB04-40B2-8775-E4D0D3D8F886" />
	<Page Name="[Data Page] dex DatasetTableColumnExtraAttribute" PageGUID="8754C15D-B6B9-449A-8814-C15F1D5B802D" />
	<Page Name="[Data Page] dex DocumentArrayChildName" PageGUID="6F168133-96C7-463D-90A2-AF42DC52019E" />
	<Page Name="[Data Page] dex DocumentArrayHasChild" PageGUID="B1E2EBD9-32D0-4213-96C7-62686BAB22C0" />
	<Page Name="[Data Page] dex DocumentFieldAttributeValue" PageGUID="AF5D5878-689A-49AB-BA8F-1C91D925300A" />
	<Page Name="[Data Page] dex json FollowedRef" PageGUID="D56E6792-676E-4E94-8F47-3B5B50357C16" />
	<Page Name="[Data Page] dex json StackNodeTree" PageGUID="0383E1B6-7C14-481E-A10E-A1193D84B53D" Marked="true" />
	<Page Name="[Data Page] dex json SchemaNodeStack" PageGUID="3053C82D-EDAA-4E74-9D2A-25D946566C9C" Marked="true" />
	<Page Name="[Data Page] dex json NodeRefName" PageGUID="4C828AB2-D641-4E43-AEAA-7741AA740A21" />
	<Page Name="[Data Page] dex json IterationProcedureExecuted" PageGUID="48146F57-A333-49FF-8389-2336457BDBAE" />
	<Page Name="[Data Page] dex DatasetTableColumnValidationType" PageGUID="C7E877C7-EEF1-452C-B8C2-DB400B3F6EFD" />
	<Page Name="[Data Page] dex ReadDocumentAnnotations IndexNode" PageGUID="EC2DB755-ECA8-4DA2-B24B-8B60EB40D3E4" />
	<Page Name="[Data Page] dex ReadDocumentAnnotations IdentifierNode" PageGUID="B1E8BCFE-38DE-4DE5-BC5D-4F7CBBCE8B9F" />
	<Page Name="[Data Page] dex json PreIterationProcedureExecuted" PageGUID="B77E0947-95A9-4CFE-A13B-CFC232DB65C4" />
	<Page Name="[Data Page] dex json ValidationIntegerProperty" PageGUID="0045C82C-9D9B-4C47-A16B-CE6F13728325" />
	<Page Name="[Data Page] dex json OASExtensible" PageGUID="60529BDE-1F5C-4AD2-9A52-7E15F81E484B" />
	<Page Name="[Data Page] dex json OASDiscriminatorProperty" PageGUID="9E63A894-54B6-4936-8E68-F3007EB5B069" />
	<Page Name="[Data Page] dex json OASDiscriminatorMapping" PageGUID="91DE79FD-7376-4346-B8D1-E82D180854D7" />
	<Page Name="[Data Page] dex json OASExternalDocProperty" PageGUID="EEB4E31F-AC87-4ACD-BF54-41CED9CDD6B9" />
	<Page Name="[Data Page] dex json OASXMLStringProperty" PageGUID="B54DF0AE-288A-423C-9FE7-2CB84F8B30F4" />
	<Page Name="[Data Page] dex json OASXMLBoolProperty" PageGUID="5260669F-9616-4C0B-AE03-BA2FF897CFD9" />
	<Page Name="[Data Page] dex json PostIterationProcedureExecuted" PageGUID="BC445163-5A30-4889-87F7-5250AC126FCE" />
	<Page Name="[Data Page] dex json StackNodeVisited" PageGUID="3DD70D4C-6AF5-4C04-864F-7EB0FA336749" />
	<Page Name="[Data Page] dex json StackNodeRefFollowed" PageGUID="845DA431-9C68-4279-BB90-77A90FBFFE8D" />
	<Page Name="[Data Page] dex json StackNodeHandled" PageGUID="06ED7278-9F7D-477B-9CAB-0A2C431D3FCA" />
	<Page Name="[Data Page] dex json StackArrayCount" PageGUID="F9E6C57A-07BE-4F20-8C8E-4817EA7746A5" />
	<Page Name="[Data Page] dex json SchemaFilter" PageGUID="1E152FC8-A71C-43DD-8C48-699E2CADBB8F" Marked="true" />
	<Page Name="[Data Page] dex oauth APIClientData" PageGUID="C075ECA8-7DBA-4DCF-B795-E2775CBF271A" Marked="true" />
	<Page Name="[Data Page] dex oauth APIClientErrors" PageGUID="333CEB63-4665-468F-A357-4DE89F4FB0EE" />
	<Page Name="[Data Page] dex oauth APIClientIntData" PageGUID="6DFAEE1F-E2BF-405A-BA42-6D4AD5A93A8A" Marked="true" />
	<Page Name="[Data Page] dex oauth APIClientStringData" PageGUID="79662271-F0C9-49ED-AE87-080C9483ECE1" />
	<Page Name="[Data Page] dex oauth APIUserInfo" PageGUID="8DDC79D4-EE86-42D0-BACF-300D1C5B4585" />
	<Page Name="[Data Page] dex oauth APIClientStringResponse" PageGUID="CAEE96B1-B3F5-48F6-ABD3-4971B222CF66" />
	<Page Name="[Data Page] dex json IterationProcedureExecutedSuccessfully" PageGUID="D8289A5D-8E3A-4546-965B-56BEAE71DFCF" />
	<Page Name="[Data Page] dex json StackNodeRefStackNode" PageGUID="6C12F7AE-AF91-4266-8ED2-5131DD8D6BE0" />
	<Page Name="[Data Page] dex json StackNodeType" PageGUID="1228A164-A7A4-48D7-B8C1-E818826440BE" />
	<Page Name="[Data Page] dex json StackNodeSection" PageGUID="2F25AE63-BCD4-4DED-8AE1-3233BD62BDDD" />
	<Page Name="[Data Page] dex json StackNodeValidationType" PageGUID="FB533387-68BB-4E1A-8F5F-0130339DC5E1" />
	<Page Name="[Data Page] dex json StackNode" PageGUID="E424947A-8C4C-468C-824B-D2FB79F6B2A2" />
	<Page Name="[Data Page] dex json StackNodeSectionsHandled" PageGUID="5B01922E-CD1E-4A75-9D33-94C6678F5768" />
</TemplateManager>
